Regnskapsår,Fylke,Kommune,Landsdel,Næring,Sektor,Verdiskaping,Ansatte,Årsverk,Foretak,Aktive Foretak
2019,Akershus,Lørenskog,Østlandet (Uten Oslo),Kultur og underholdning,Reiseliv ellers,19611946,104.0,59.0,13,11
2022,Akershus,Rælingen,Østlandet (Uten Oslo),Kultur og underholdning,Reiseliv ellers,11967,,0.0,2,1
2018,Akershus,Asker,Østlandet (Uten Oslo),Kultur og underholdning,Reiseliv ellers,47280088,155.0,58.7,52,42
2016,Akershus,Lørenskog,Østlandet (Uten Oslo),Kultur og underholdning,Reiseliv ellers,31091659,111.0,40.7,9,7
2022,Akershus,Asker,Østlandet (Uten Oslo),Formidling,Transport og formidling,26648184,28.0,22.899999999999995,44,31
2021,Akershus,Asker,Østlandet (Uten Oslo),Serveringsvirksomhet,Reiseliv ellers,357947866,947.0,557.8,108,90
2017,Akershus,Lørenskog,Østlandet (Uten Oslo),Kultur og underholdning,Reiseliv ellers,98741165,106.0,47.9,12,9
2018,Akershus,Lillestrøm,Østlandet (Uten Oslo),Formidling,Transport og formidling,35263495,47.0,43.4,19,14
2019,Akershus,Bærum,Østlandet (Uten Oslo),Kultur og underholdning,Reiseliv ellers,115402401,453.0,144.10000000000002,76,63
2020,Akershus,Asker,Østlandet (Uten Oslo),Serveringsvirksomhet,Reiseliv ellers,296732490,970.0,526.0999999999999,92,82
2017,Akershus,Lørenskog,Østlandet (Uten Oslo),Serveringsvirksomhet,Reiseliv ellers,146135593,513.0,263.1,40,36
2019,Akershus,Lørenskog,Østlandet (Uten Oslo),Serveringsvirksomhet,Reiseliv ellers,160774556,531.0,268.49999999999994,51,44
2016,Akershus,Lørenskog,Østlandet (Uten Oslo),Serveringsvirksomhet,Reiseliv ellers,140198749,552.0,249.00000000000003,37,34
2015,Akershus,Lørenskog,Østlandet (Uten Oslo),Serveringsvirksomhet,Reiseliv ellers,135828449,440.0,227.99999999999991,32,31
2020,Akershus,Lørenskog,Østlandet (Uten Oslo),Serveringsvirksomhet,Reiseliv ellers,150894166,471.0,273.7,51,42
2018,Akershus,Lørenskog,Østlandet (Uten Oslo),Serveringsvirksomhet,Reiseliv ellers,151759232,538.0,268.6,45,40
2021,Akershus,Lørenskog,Østlandet (Uten Oslo),Serveringsvirksomhet,Reiseliv ellers,170721461,441.0,263.6,54,43
2020,Akershus,Vestby,Østlandet (Uten Oslo),Serveringsvirksomhet,Reiseliv ellers,84160848,293.0,137.4,32,29
2024,Akershus,Lillestrøm,Østlandet (Uten Oslo),Transport,Transport og formidling,356657000,662.0,383.3,26,18
2021,Akershus,Vestby,Østlandet (Uten Oslo),Serveringsvirksomhet,Reiseliv ellers,94482005,295.0,140.6,32,25
2022,Akershus,Lillestrøm,Østlandet (Uten Oslo),Serveringsvirksomhet,Reiseliv ellers,468331049,1887.0,753.6999999999999,159,129
2023,Akershus,Lillestrøm,Østlandet (Uten Oslo),Serveringsvirksomhet,Reiseliv ellers,510938500,2016.0,830.5999999999999,163,126
2023,Akershus,Hurdal,Østlandet (Uten Oslo),Overnattingsvirksomhet,Reiseliv ellers,43996252,106.0,57.900000000000006,3,3
2024,Akershus,Lillestrøm,Østlandet (Uten Oslo),Serveringsvirksomhet,Reiseliv ellers,473319000,1752.0,741.5999999999998,170,133
2018,Akershus,Bærum,Østlandet (Uten Oslo),Serveringsvirksomhet,Reiseliv ellers,1015256447,1915.0,1845.7,150,130
2020,Akershus,Bærum,Østlandet (Uten Oslo),Serveringsvirksomhet,Reiseliv ellers,974481030,1755.0,1929.4,155,129
2022,Akershus,Lillestrøm,Østlandet (Uten Oslo),Kultur og underholdning,Reiseliv ellers,148231798,358.0,212.7,45,37
2024,Akershus,Frogn,Østlandet (Uten Oslo),Transport,Transport og formidling,50344000,90.0,57.4,5,4
2023,Akershus,Frogn,Østlandet (Uten Oslo),Transport,Transport og formidling,80082683,94.0,92.6,5,5
2024,Akershus,Rælingen,Østlandet (Uten Oslo),Serveringsvirksomhet,Reiseliv ellers,32768000,108.0,52.20000000000001,16,10
2024,Akershus,Lunner,Østlandet (Uten Oslo),Formidling,Transport og formidling,2274000,5.0,3.4,3,2
2023,Akershus,Lunner,Østlandet (Uten Oslo),Formidling,Transport og formidling,2992598,6.0,3.1,3,2
2021,Akershus,Lunner,Østlandet (Uten Oslo),Formidling,Transport og formidling,1849225,2.0,2.1,2,2
2022,Akershus,Lunner,Østlandet (Uten Oslo),Formidling,Transport og formidling,3029934,5.0,4.1,3,3
2022,Akershus,Bærum,Østlandet (Uten Oslo),Serveringsvirksomhet,Reiseliv ellers,1096281524,1645.0,1750.6999999999994,162,128
2021,Akershus,Ullensaker,Østlandet (Uten Oslo),Serveringsvirksomhet,Reiseliv ellers,446035274,1630.0,747.2,77,68
2024,Akershus,Ullensaker,Østlandet (Uten Oslo),Serveringsvirksomhet,Reiseliv ellers,902953000,2274.0,1476.3,87,71
2023,Akershus,Ullensaker,Østlandet (Uten Oslo),Serveringsvirksomhet,Reiseliv ellers,853381306,2344.0,1507.0000000000002,85,67
2020,Akershus,Ullensaker,Østlandet (Uten Oslo),Serveringsvirksomhet,Reiseliv ellers,445320240,2088.0,895.0,67,60
2022,Akershus,Ullensaker,Østlandet (Uten Oslo),Serveringsvirksomhet,Reiseliv ellers,569608149,1657.0,931.8,78,65
2024,Akershus,Ullensaker,Østlandet (Uten Oslo),Transport,Transport og formidling,1904892000,2161.0,2521.3,22,17
2017,Akershus,Eidsvoll,Østlandet (Uten Oslo),Overnattingsvirksomhet,Reiseliv ellers,12956033,60.0,30.9,5,4
2022,Akershus,Eidsvoll,Østlandet (Uten Oslo),Overnattingsvirksomhet,Reiseliv ellers,9796970,31.0,17.1,4,3
2020,Akershus,Eidsvoll,Østlandet (Uten Oslo),Overnattingsvirksomhet,Reiseliv ellers,7758802,61.0,16.8,5,3
2018,Akershus,Eidsvoll,Østlandet (Uten Oslo),Overnattingsvirksomhet,Reiseliv ellers,13239217,58.0,27.7,5,3
2019,Akershus,Eidsvoll,Østlandet (Uten Oslo),Overnattingsvirksomhet,Reiseliv ellers,15893335,61.0,28.9,5,5
2021,Akershus,Eidsvoll,Østlandet (Uten Oslo),Overnattingsvirksomhet,Reiseliv ellers,9867527,45.0,16.8,5,4
2023,Akershus,Eidsvoll,Østlandet (Uten Oslo),Overnattingsvirksomhet,Reiseliv ellers,7774777,29.0,13.8,4,2
2015,Akershus,Eidsvoll,Østlandet (Uten Oslo),Overnattingsvirksomhet,Reiseliv ellers,15000608,105.0,31.0,3,3
2016,Akershus,Eidsvoll,Østlandet (Uten Oslo),Overnattingsvirksomhet,Reiseliv ellers,11818958,42.0,26.8,5,3
2024,Akershus,Eidsvoll,Østlandet (Uten Oslo),Overnattingsvirksomhet,Reiseliv ellers,8768000,22.0,12.6,4,2
2022,Akershus,Frogn,Østlandet (Uten Oslo),Overnattingsvirksomhet,Reiseliv ellers,39990787,93.0,56.0,5,4
2024,Akershus,Frogn,Østlandet (Uten Oslo),Overnattingsvirksomhet,Reiseliv ellers,35664000,100.0,64.3,8,7
2023,Akershus,Frogn,Østlandet (Uten Oslo),Overnattingsvirksomhet,Reiseliv ellers,41012929,103.0,63.6,8,5
2021,Akershus,Bærum,Østlandet (Uten Oslo),Serveringsvirksomhet,Reiseliv ellers,1125342373,1834.0,1959.0,164,138
2019,Akershus,Lunner,Østlandet (Uten Oslo),Formidling,Transport og formidling,4307032,11.0,4.7,3,3
2018,Akershus,Lunner,Østlandet (Uten Oslo),Formidling,Transport og formidling,4221217,11.0,4.6,3,3
2020,Akershus,Lunner,Østlandet (Uten Oslo),Formidling,Transport og formidling,3013739,11.0,4.0,3,3
2023,Akershus,Asker,Østlandet (Uten Oslo),Serveringsvirksomhet,Reiseliv ellers,323735638,1127.0,534.2000000000002,121,102
2015,Akershus,Lillestrøm,Østlandet (Uten Oslo),Kultur og underholdning,Reiseliv ellers,94508642,263.0,129.9,23,20
2024,Akershus,Lillestrøm,Østlandet (Uten Oslo),Kultur og underholdning,Reiseliv ellers,154803000,425.0,229.0,48,38
2017,Akershus,Lillestrøm,Østlandet (Uten Oslo),Kultur og underholdning,Reiseliv ellers,113981691,327.0,148.50000000000003,28,22
2023,Akershus,Lillestrøm,Østlandet (Uten Oslo),Kultur og underholdning,Reiseliv ellers,143929243,366.0,206.8,51,40
2019,Akershus,Lillestrøm,Østlandet (Uten Oslo),Kultur og underholdning,Reiseliv ellers,110793940,312.0,157.5,32,27
2020,Akershus,Lillestrøm,Østlandet (Uten Oslo),Kultur og underholdning,Reiseliv ellers,101814628,281.0,149.1,34,29
2018,Akershus,Lillestrøm,Østlandet (Uten Oslo),Kultur og underholdning,Reiseliv ellers,118110278,319.0,165.1,33,31
2021,Akershus,Lillestrøm,Østlandet (Uten Oslo),Kultur og underholdning,Reiseliv ellers,112691191,274.0,162.20000000000002,40,32
2016,Akershus,Lillestrøm,Østlandet (Uten Oslo),Kultur og underholdning,Reiseliv ellers,108366879,210.0,149.0,25,22
2024,Akershus,Asker,Østlandet (Uten Oslo),Serveringsvirksomhet,Reiseliv ellers,315777000,1028.0,487.7000000000001,122,105
2024,Akershus,Nordre Follo,Østlandet (Uten Oslo),Transport,Transport og formidling,432326000,658.0,451.2,13,10
2022,Akershus,Nordre Follo,Østlandet (Uten Oslo),Transport,Transport og formidling,399409606,593.0,458.7000000000001,13,8
2024,Akershus,Gjerdrum,Østlandet (Uten Oslo),Serveringsvirksomhet,Reiseliv ellers,5449000,31.0,11.0,9,6
2023,Akershus,Gjerdrum,Østlandet (Uten Oslo),Serveringsvirksomhet,Reiseliv ellers,7826317,51.0,14.8,10,8
2022,Akershus,Gjerdrum,Østlandet (Uten Oslo),Serveringsvirksomhet,Reiseliv ellers,6340557,32.0,10.7,11,7
2024,Akershus,Aurskog-Høland,Østlandet (Uten Oslo),Serveringsvirksomhet,Reiseliv ellers,24285000,113.0,41.89999999999999,17,15
2023,Akershus,Aurskog-Høland,Østlandet (Uten Oslo),Serveringsvirksomhet,Reiseliv ellers,19519408,108.0,33.4,12,12
2023,Akershus,Vestby,Østlandet (Uten Oslo),Serveringsvirksomhet,Reiseliv ellers,79364160,337.0,133.8,29,26
2016,Akershus,Hurdal,Østlandet (Uten Oslo),Serveringsvirksomhet,Reiseliv ellers,0,1.0,0.0,1,0
2018,Akershus,Hurdal,Østlandet (Uten Oslo),Serveringsvirksomhet,Reiseliv ellers,203357,2.0,0.2,3,3
2017,Akershus,Hurdal,Østlandet (Uten Oslo),Serveringsvirksomhet,Reiseliv ellers,177289,3.0,0.4,2,2
2023,Akershus,Bærum,Østlandet (Uten Oslo),Kultur og underholdning,Reiseliv ellers,433372183,566.0,234.00000000000003,97,78
2024,Akershus,Bærum,Østlandet (Uten Oslo),Kultur og underholdning,Reiseliv ellers,512828000,600.0,218.9,97,75
2022,Akershus,Bærum,Østlandet (Uten Oslo),Kultur og underholdning,Reiseliv ellers,470566812,446.0,189.7,88,72
2024,Akershus,Frogn,Østlandet (Uten Oslo),Serveringsvirksomhet,Reiseliv ellers,77428000,269.0,107.09999999999998,28,25
2016,Akershus,Nordre Follo,Østlandet (Uten Oslo),Serveringsvirksomhet,Reiseliv ellers,173318901,720.0,299.50000000000006,61,56
2015,Akershus,Nordre Follo,Østlandet (Uten Oslo),Serveringsvirksomhet,Reiseliv ellers,166580496,617.0,272.40000000000003,52,47
2021,Akershus,Nes,Østlandet (Uten Oslo),Formidling,Transport og formidling,556952,6.0,0.7,6,6
2023,Akershus,Nes,Østlandet (Uten Oslo),Formidling,Transport og formidling,3437930,15.0,2.9000000000000004,8,5
2017,Akershus,Bærum,Østlandet (Uten Oslo),Kultur og underholdning,Reiseliv ellers,91940844,502.0,130.0,66,56
2016,Akershus,Bærum,Østlandet (Uten Oslo),Kultur og underholdning,Reiseliv ellers,104443974,469.0,136.39999999999998,66,56
2024,Akershus,Nes,Østlandet (Uten Oslo),Formidling,Transport og formidling,2288000,12.0,2.7,7,5
2022,Akershus,Nes,Østlandet (Uten Oslo),Formidling,Transport og formidling,3047340,12.0,1.5,6,4
2018,Akershus,Lillestrøm,Østlandet (Uten Oslo),Serveringsvirksomhet,Reiseliv ellers,394488469,1624.0,720.1000000000001,127,109
2017,Akershus,Lillestrøm,Østlandet (Uten Oslo),Serveringsvirksomhet,Reiseliv ellers,383880259,1700.0,665.3999999999999,118,100
2016,Akershus,Lillestrøm,Østlandet (Uten Oslo),Serveringsvirksomhet,Reiseliv ellers,384289538,1595.0,653.5999999999999,116,101
2023,Akershus,Eidsvoll,Østlandet (Uten Oslo),Serveringsvirksomhet,Reiseliv ellers,63409479,292.0,109.8,33,27
2022,Akershus,Eidsvoll,Østlandet (Uten Oslo),Serveringsvirksomhet,Reiseliv ellers,70448969,323.0,120.29999999999998,29,25
2024,Akershus,Eidsvoll,Østlandet (Uten Oslo),Serveringsvirksomhet,Reiseliv ellers,65440000,275.0,105.8,28,23
2023,Akershus,Aurskog-Høland,Østlandet (Uten Oslo),Transport,Transport og formidling,63761009,92.0,59.6,7,6
2024,Akershus,Aurskog-Høland,Østlandet (Uten Oslo),Transport,Transport og formidling,66817000,96.0,60.2,8,6
2021,Akershus,Aurskog-Høland,Østlandet (Uten Oslo),Transport,Transport og formidling,66283324,103.0,62.7,4,2
2022,Akershus,Aurskog-Høland,Østlandet (Uten Oslo),Transport,Transport og formidling,59225706,91.0,59.1,6,3
2023,Akershus,Nordre Follo,Østlandet (Uten Oslo),Serveringsvirksomhet,Reiseliv ellers,217895800,809.0,345.50000000000006,76,67
2024,Akershus,Nes,Østlandet (Uten Oslo),Serveringsvirksomhet,Reiseliv ellers,33748000,148.0,51.1,18,17
2018,Akershus,Nes,Østlandet (Uten Oslo),Serveringsvirksomhet,Reiseliv ellers,18212237,76.0,30.000000000000004,15,12
2016,Akershus,Nes,Østlandet (Uten Oslo),Serveringsvirksomhet,Reiseliv ellers,24500637,155.0,32.8,13,12
2023,Akershus,Nes,Østlandet (Uten Oslo),Serveringsvirksomhet,Reiseliv ellers,29060056,122.0,44.1,22,15
2017,Akershus,Nes,Østlandet (Uten Oslo),Serveringsvirksomhet,Reiseliv ellers,15262053,67.0,26.599999999999994,15,14
2015,Akershus,Nes,Østlandet (Uten Oslo),Serveringsvirksomhet,Reiseliv ellers,18017296,119.0,28.8,13,12
2019,Akershus,Nes,Østlandet (Uten Oslo),Serveringsvirksomhet,Reiseliv ellers,18913800,88.0,30.6,14,13
2020,Akershus,Nes,Østlandet (Uten Oslo),Serveringsvirksomhet,Reiseliv ellers,19976886,75.0,34.6,14,13
2021,Akershus,Nes,Østlandet (Uten Oslo),Serveringsvirksomhet,Reiseliv ellers,30577247,124.0,52.5,24,20
2022,Akershus,Nes,Østlandet (Uten Oslo),Serveringsvirksomhet,Reiseliv ellers,32852754,143.0,52.0,22,20
2020,Akershus,Lillestrøm,Østlandet (Uten Oslo),Serveringsvirksomhet,Reiseliv ellers,339840508,1466.0,616.5,135,117
2016,Akershus,Asker,Østlandet (Uten Oslo),Kultur og underholdning,Reiseliv ellers,38994164,88.0,34.5,50,41
2022,Akershus,Asker,Østlandet (Uten Oslo),Kultur og underholdning,Reiseliv ellers,59669574,149.0,63.100000000000016,59,48
2020,Akershus,Nordre Follo,Østlandet (Uten Oslo),Serveringsvirksomhet,Reiseliv ellers,175649450,662.0,321.40000000000003,65,55
2017,Akershus,Nordre Follo,Østlandet (Uten Oslo),Serveringsvirksomhet,Reiseliv ellers,180972896,766.0,332.7000000000001,68,59
2019,Akershus,Nordre Follo,Østlandet (Uten Oslo),Serveringsvirksomhet,Reiseliv ellers,202552290,796.0,362.2999999999999,65,55
2019,Akershus,Asker,Østlandet (Uten Oslo),Kultur og underholdning,Reiseliv ellers,42147894,153.0,56.900000000000006,51,42
2020,Akershus,Asker,Østlandet (Uten Oslo),Kultur og underholdning,Reiseliv ellers,35811214,105.0,36.900000000000006,54,43
2021,Akershus,Nordre Follo,Østlandet (Uten Oslo),Serveringsvirksomhet,Reiseliv ellers,207453969,677.0,330.2,70,59
2015,Akershus,Asker,Østlandet (Uten Oslo),Kultur og underholdning,Reiseliv ellers,42075984,98.0,31.0,47,37
2017,Akershus,Asker,Østlandet (Uten Oslo),Kultur og underholdning,Reiseliv ellers,39681090,152.0,44.2,49,39
2021,Akershus,Asker,Østlandet (Uten Oslo),Kultur og underholdning,Reiseliv ellers,54889904,115.0,46.5,58,46
2018,Akershus,Nordre Follo,Østlandet (Uten Oslo),Serveringsvirksomhet,Reiseliv ellers,193626311,771.0,351.29999999999995,66,62
2015,Akershus,Bærum,Østlandet (Uten Oslo),Serveringsvirksomhet,Reiseliv ellers,794821155,1836.0,1378.5000000000002,131,110
2019,Akershus,Bærum,Østlandet (Uten Oslo),Serveringsvirksomhet,Reiseliv ellers,1007534472,1984.0,1842.1,151,132
2024,Akershus,Bærum,Østlandet (Uten Oslo),Serveringsvirksomhet,Reiseliv ellers,1135717000,1756.0,1718.5000000000005,164,133
2016,Akershus,Bærum,Østlandet (Uten Oslo),Serveringsvirksomhet,Reiseliv ellers,828777792,2098.0,1520.1,134,117
2023,Akershus,Bærum,Østlandet (Uten Oslo),Serveringsvirksomhet,Reiseliv ellers,1080711575,1707.0,1750.5000000000002,156,122
2017,Akershus,Bærum,Østlandet (Uten Oslo),Serveringsvirksomhet,Reiseliv ellers,936209263,2176.0,1690.0000000000002,147,126
2018,Akershus,Eidsvoll,Østlandet (Uten Oslo),Transport,Transport og formidling,170372048,163.0,145.6,4,3
2015,Akershus,Eidsvoll,Østlandet (Uten Oslo),Transport,Transport og formidling,169395455,71.0,141.7,3,3
2021,Akershus,Eidsvoll,Østlandet (Uten Oslo),Transport,Transport og formidling,132097150,170.0,124.3,4,4
2016,Akershus,Eidsvoll,Østlandet (Uten Oslo),Transport,Transport og formidling,147183104,177.0,150.4,3,3
2022,Akershus,Eidsvoll,Østlandet (Uten Oslo),Transport,Transport og formidling,138544724,169.0,134.89999999999998,4,4
2024,Akershus,Eidsvoll,Østlandet (Uten Oslo),Transport,Transport og formidling,140660000,149.0,120.8,7,7
2023,Akershus,Eidsvoll,Østlandet (Uten Oslo),Transport,Transport og formidling,138018282,165.0,123.8,8,6
2017,Akershus,Eidsvoll,Østlandet (Uten Oslo),Transport,Transport og formidling,134610553,163.0,142.3,3,3
2019,Akershus,Eidsvoll,Østlandet (Uten Oslo),Transport,Transport og formidling,170698117,172.0,145.7,4,4
2020,Akershus,Eidsvoll,Østlandet (Uten Oslo),Transport,Transport og formidling,138680857,164.0,130.7,4,4
2018,Akershus,Bærum,Østlandet (Uten Oslo),Kultur og underholdning,Reiseliv ellers,90606415,410.0,122.20000000000002,67,54
2021,Akershus,Bærum,Østlandet (Uten Oslo),Kultur og underholdning,Reiseliv ellers,121990246,417.0,155.6,84,66
2020,Akershus,Bærum,Østlandet (Uten Oslo),Kultur og underholdning,Reiseliv ellers,146076459,446.0,138.00000000000003,77,61
2024,Akershus,Nordre Follo,Østlandet (Uten Oslo),Serveringsvirksomhet,Reiseliv ellers,225685000,760.0,335.7,76,64
2022,Akershus,Nordre Follo,Østlandet (Uten Oslo),Serveringsvirksomhet,Reiseliv ellers,217316480,822.0,356.50000000000006,76,63
2022,Akershus,Vestby,Østlandet (Uten Oslo),Serveringsvirksomhet,Reiseliv ellers,84060284,346.0,141.29999999999995,27,22
2024,Akershus,Vestby,Østlandet (Uten Oslo),Serveringsvirksomhet,Reiseliv ellers,72968000,322.0,120.5,28,24
2018,Akershus,Vestby,Østlandet (Uten Oslo),Serveringsvirksomhet,Reiseliv ellers,67016909,333.0,115.5,27,24
2019,Akershus,Vestby,Østlandet (Uten Oslo),Serveringsvirksomhet,Reiseliv ellers,70059201,298.0,128.1,28,26
2021,Akershus,Frogn,Østlandet (Uten Oslo),Serveringsvirksomhet,Reiseliv ellers,64716017,255.0,101.1,24,23
2017,Akershus,Frogn,Østlandet (Uten Oslo),Serveringsvirksomhet,Reiseliv ellers,44683178,276.0,80.9,21,19
2018,Akershus,Frogn,Østlandet (Uten Oslo),Serveringsvirksomhet,Reiseliv ellers,50310745,222.0,82.2,21,20
2020,Akershus,Frogn,Østlandet (Uten Oslo),Serveringsvirksomhet,Reiseliv ellers,59104303,270.0,99.2,23,20
2019,Akershus,Frogn,Østlandet (Uten Oslo),Serveringsvirksomhet,Reiseliv ellers,54153810,280.0,89.60000000000001,25,20
2015,Akershus,Ullensaker,Østlandet (Uten Oslo),Serveringsvirksomhet,Reiseliv ellers,767053738,2165.0,1263.8,56,47
2016,Akershus,Ullensaker,Østlandet (Uten Oslo),Serveringsvirksomhet,Reiseliv ellers,770786907,2032.0,1292.500000000001,69,52
2017,Akershus,Ullensaker,Østlandet (Uten Oslo),Serveringsvirksomhet,Reiseliv ellers,788113372,2409.0,1436.4,70,62
2019,Akershus,Ullensaker,Østlandet (Uten Oslo),Serveringsvirksomhet,Reiseliv ellers,925744291,2512.0,1551.8000000000002,70,60
2018,Akershus,Ullensaker,Østlandet (Uten Oslo),Serveringsvirksomhet,Reiseliv ellers,867554519,2442.0,1585.0000000000005,76,72
2015,Akershus,Bærum,Østlandet (Uten Oslo),Kultur og underholdning,Reiseliv ellers,86403128,582.0,120.4,60,53
2022,Akershus,Asker,Østlandet (Uten Oslo),Transport,Transport og formidling,219636004,358.0,206.2,18,17
2016,Akershus,Asker,Østlandet (Uten Oslo),Serveringsvirksomhet,Reiseliv ellers,233245458,943.0,405.29999999999984,87,75
2022,Akershus,Asker,Østlandet (Uten Oslo),Serveringsvirksomhet,Reiseliv ellers,327752966,1128.0,548.9,110,95
2015,Akershus,Asker,Østlandet (Uten Oslo),Serveringsvirksomhet,Reiseliv ellers,229327074,879.0,384.9,80,68
2017,Akershus,Asker,Østlandet (Uten Oslo),Serveringsvirksomhet,Reiseliv ellers,239355459,925.0,427.6000000000001,85,73
2018,Akershus,Asker,Østlandet (Uten Oslo),Serveringsvirksomhet,Reiseliv ellers,265708682,922.0,452.5,88,78
2019,Akershus,Asker,Østlandet (Uten Oslo),Serveringsvirksomhet,Reiseliv ellers,290306260,971.0,472.5999999999999,89,80
2019,Akershus,Gjerdrum,Østlandet (Uten Oslo),Serveringsvirksomhet,Reiseliv ellers,4110488,23.0,7.799999999999999,8,5
2020,Akershus,Gjerdrum,Østlandet (Uten Oslo),Serveringsvirksomhet,Reiseliv ellers,4976061,36.0,10.4,10,7
2022,Akershus,Nes,Østlandet (Uten Oslo),Overnattingsvirksomhet,Reiseliv ellers,4432298,20.0,4.0,4,4
2022,Akershus,Nesodden,Østlandet (Uten Oslo),Formidling,Transport og formidling,3713164,5.0,5.0,8,6
2020,Akershus,Hurdal,Østlandet (Uten Oslo),Overnattingsvirksomhet,Reiseliv ellers,20827073,80.0,47.6,3,3
2017,Akershus,Hurdal,Østlandet (Uten Oslo),Overnattingsvirksomhet,Reiseliv ellers,37518173,79.0,51.2,3,3
2021,Akershus,Hurdal,Østlandet (Uten Oslo),Overnattingsvirksomhet,Reiseliv ellers,50944064,80.0,44.6,3,3
2019,Akershus,Hurdal,Østlandet (Uten Oslo),Overnattingsvirksomhet,Reiseliv ellers,38075999,84.0,52.1,3,3
2018,Akershus,Hurdal,Østlandet (Uten Oslo),Overnattingsvirksomhet,Reiseliv ellers,37436347,81.0,50.4,3,3
2022,Akershus,Hurdal,Østlandet (Uten Oslo),Overnattingsvirksomhet,Reiseliv ellers,49150220,113.0,60.00000000000001,3,3
2015,Akershus,Lillestrøm,Østlandet (Uten Oslo),Serveringsvirksomhet,Reiseliv ellers,359970505,1510.0,578.0000000000001,105,93
2019,Akershus,Lillestrøm,Østlandet (Uten Oslo),Serveringsvirksomhet,Reiseliv ellers,421755134,1689.0,721.3000000000001,131,112
2021,Akershus,Lillestrøm,Østlandet (Uten Oslo),Serveringsvirksomhet,Reiseliv ellers,394613635,1476.0,621.6000000000003,142,117
2023,Akershus,Ullensaker,Østlandet (Uten Oslo),Overnattingsvirksomhet,Reiseliv ellers,707400653,1525.0,978.8,14,13
2021,Akershus,Ullensaker,Østlandet (Uten Oslo),Overnattingsvirksomhet,Reiseliv ellers,541001777,772.0,524.5,12,11
2015,Akershus,Ullensaker,Østlandet (Uten Oslo),Overnattingsvirksomhet,Reiseliv ellers,596614869,1569.0,958.1,13,12
2017,Akershus,Ullensaker,Østlandet (Uten Oslo),Overnattingsvirksomhet,Reiseliv ellers,636322260,1204.0,908.6,13,12
2018,Akershus,Ullensaker,Østlandet (Uten Oslo),Overnattingsvirksomhet,Reiseliv ellers,625593105,1269.0,917.9,13,12
2019,Akershus,Ullensaker,Østlandet (Uten Oslo),Overnattingsvirksomhet,Reiseliv ellers,532666098,1277.0,890.7,13,12
2016,Akershus,Ullensaker,Østlandet (Uten Oslo),Overnattingsvirksomhet,Reiseliv ellers,534472243,1250.0,922.2,13,12
2022,Akershus,Ullensaker,Østlandet (Uten Oslo),Overnattingsvirksomhet,Reiseliv ellers,704831397,1404.0,919.9,13,12
2024,Akershus,Ullensaker,Østlandet (Uten Oslo),Overnattingsvirksomhet,Reiseliv ellers,655911000,1533.0,989.8,15,14
2020,Akershus,Ullensaker,Østlandet (Uten Oslo),Overnattingsvirksomhet,Reiseliv ellers,252234909,1091.0,436.9,13,12
2022,Akershus,Lørenskog,Østlandet (Uten Oslo),Serveringsvirksomhet,Reiseliv ellers,211996421,597.0,362.9,56,45
2024,Akershus,Lunner,Østlandet (Uten Oslo),Serveringsvirksomhet,Reiseliv ellers,10618000,56.0,16.8,8,8
2023,Akershus,Lunner,Østlandet (Uten Oslo),Serveringsvirksomhet,Reiseliv ellers,10032368,54.0,18.1,7,7
2022,Akershus,Lunner,Østlandet (Uten Oslo),Serveringsvirksomhet,Reiseliv ellers,11326621,63.0,19.2,9,8
2021,Akershus,Aurskog-Høland,Østlandet (Uten Oslo),Serveringsvirksomhet,Reiseliv ellers,20176933,88.0,32.099999999999994,13,11
2020,Akershus,Aurskog-Høland,Østlandet (Uten Oslo),Serveringsvirksomhet,Reiseliv ellers,15018683,73.0,23.8,10,10
2018,Akershus,Aurskog-Høland,Østlandet (Uten Oslo),Serveringsvirksomhet,Reiseliv ellers,17865915,105.0,32.8,11,10
2019,Akershus,Aurskog-Høland,Østlandet (Uten Oslo),Serveringsvirksomhet,Reiseliv ellers,13188775,71.0,20.500000000000004,10,8
2019,Akershus,Bærum,Østlandet (Uten Oslo),Formidling,Transport og formidling,181573001,194.0,102.70000000000005,54,42
2021,Akershus,Bærum,Østlandet (Uten Oslo),Formidling,Transport og formidling,58290325,124.0,72.49999999999999,58,38
2018,Akershus,Bærum,Østlandet (Uten Oslo),Formidling,Transport og formidling,122594011,137.0,82.6,50,35
2015,Akershus,Bærum,Østlandet (Uten Oslo),Formidling,Transport og formidling,118078354,118.0,78.8,44,29
2020,Akershus,Bærum,Østlandet (Uten Oslo),Formidling,Transport og formidling,85186069,165.0,88.1,54,39
2017,Akershus,Bærum,Østlandet (Uten Oslo),Formidling,Transport og formidling,130121326,127.0,72.9,44,37
2016,Akershus,Bærum,Østlandet (Uten Oslo),Formidling,Transport og formidling,116959312,149.0,75.3,45,34
2023,Akershus,Nesodden,Østlandet (Uten Oslo),Kultur og underholdning,Reiseliv ellers,15762935,28.0,17.900000000000002,19,18
2024,Akershus,Bærum,Østlandet (Uten Oslo),Formidling,Transport og formidling,90279000,84.0,73.7,54,40
2023,Akershus,Ullensaker,Østlandet (Uten Oslo),Transport,Transport og formidling,2507716319,2100.0,2398.3,18,14
2022,Akershus,Frogn,Østlandet (Uten Oslo),Serveringsvirksomhet,Reiseliv ellers,69530741,274.0,108.2,24,23
2016,Akershus,Frogn,Østlandet (Uten Oslo),Serveringsvirksomhet,Reiseliv ellers,41854450,295.0,73.9,19,17
2023,Akershus,Frogn,Østlandet (Uten Oslo),Serveringsvirksomhet,Reiseliv ellers,74823204,258.0,110.80000000000004,27,23
2015,Akershus,Frogn,Østlandet (Uten Oslo),Serveringsvirksomhet,Reiseliv ellers,47985112,297.0,84.8,19,17
2020,Akershus,Lillestrøm,Østlandet (Uten Oslo),Overnattingsvirksomhet,Reiseliv ellers,58545855,425.0,158.6,9,8
2015,Akershus,Lillestrøm,Østlandet (Uten Oslo),Overnattingsvirksomhet,Reiseliv ellers,129958068,498.0,263.0,8,6
2017,Akershus,Lillestrøm,Østlandet (Uten Oslo),Overnattingsvirksomhet,Reiseliv ellers,106272154,492.0,282.1,8,7
2022,Akershus,Lillestrøm,Østlandet (Uten Oslo),Overnattingsvirksomhet,Reiseliv ellers,168407804,484.0,282.1,14,9
2016,Akershus,Lillestrøm,Østlandet (Uten Oslo),Overnattingsvirksomhet,Reiseliv ellers,130873843,494.0,261.9,8,6
2019,Akershus,Lillestrøm,Østlandet (Uten Oslo),Overnattingsvirksomhet,Reiseliv ellers,164159192,457.0,281.3,6,5
2023,Akershus,Lillestrøm,Østlandet (Uten Oslo),Overnattingsvirksomhet,Reiseliv ellers,184542210,488.0,296.20000000000005,16,13
2018,Akershus,Lillestrøm,Østlandet (Uten Oslo),Overnattingsvirksomhet,Reiseliv ellers,189470438,524.0,307.49999999999994,8,7
2024,Akershus,Lillestrøm,Østlandet (Uten Oslo),Overnattingsvirksomhet,Reiseliv ellers,187666000,566.0,311.80000000000007,16,13
2021,Akershus,Lillestrøm,Østlandet (Uten Oslo),Overnattingsvirksomhet,Reiseliv ellers,115536962,249.0,182.0,10,8
2020,Akershus,Frogn,Østlandet (Uten Oslo),Transport,Transport og formidling,91033759,123.0,109.0,4,4
2021,Akershus,Frogn,Østlandet (Uten Oslo),Transport,Transport og formidling,80714655,122.0,97.6,4,3
2019,Akershus,Frogn,Østlandet (Uten Oslo),Transport,Transport og formidling,102093068,160.0,118.5,4,4
2016,Akershus,Frogn,Østlandet (Uten Oslo),Transport,Transport og formidling,72352914,139.0,89.2,5,4
2022,Akershus,Frogn,Østlandet (Uten Oslo),Transport,Transport og formidling,59797967,96.0,71.4,4,3
2018,Akershus,Frogn,Østlandet (Uten Oslo),Transport,Transport og formidling,93748010,147.0,110.5,4,4
2017,Akershus,Frogn,Østlandet (Uten Oslo),Transport,Transport og formidling,92528449,142.0,109.7,5,4
2023,Akershus,Lørenskog,Østlandet (Uten Oslo),Serveringsvirksomhet,Reiseliv ellers,239856302,699.0,414.19999999999993,76,61
2023,Akershus,Ullensaker,Østlandet (Uten Oslo),Kultur og underholdning,Reiseliv ellers,22674882,71.0,27.4,17,15
2021,Akershus,Ullensaker,Østlandet (Uten Oslo),Kultur og underholdning,Reiseliv ellers,18935293,63.0,23.1,15,13
2017,Akershus,Ullensaker,Østlandet (Uten Oslo),Kultur og underholdning,Reiseliv ellers,34029376,97.0,45.1,13,10
2019,Akershus,Ullensaker,Østlandet (Uten Oslo),Kultur og underholdning,Reiseliv ellers,19338236,57.0,28.500000000000004,11,10
2016,Akershus,Ullensaker,Østlandet (Uten Oslo),Kultur og underholdning,Reiseliv ellers,39089604,105.0,41.1,11,10
2022,Akershus,Ullensaker,Østlandet (Uten Oslo),Kultur og underholdning,Reiseliv ellers,24322155,78.0,29.099999999999994,18,15
2020,Akershus,Ullensaker,Østlandet (Uten Oslo),Kultur og underholdning,Reiseliv ellers,13458828,57.0,19.2,12,10
2018,Akershus,Ullensaker,Østlandet (Uten Oslo),Kultur og underholdning,Reiseliv ellers,39002815,71.0,41.4,14,11
2024,Akershus,Ullensaker,Østlandet (Uten Oslo),Kultur og underholdning,Reiseliv ellers,20903000,52.0,30.3,18,15
2022,Akershus,Rælingen,Østlandet (Uten Oslo),Serveringsvirksomhet,Reiseliv ellers,21243267,94.0,37.5,17,10
2016,Akershus,Rælingen,Østlandet (Uten Oslo),Serveringsvirksomhet,Reiseliv ellers,14354262,94.0,29.800000000000004,8,8
2015,Akershus,Rælingen,Østlandet (Uten Oslo),Serveringsvirksomhet,Reiseliv ellers,14889720,57.0,18.200000000000003,7,6
2019,Akershus,Rælingen,Østlandet (Uten Oslo),Serveringsvirksomhet,Reiseliv ellers,17845485,76.0,29.800000000000004,7,6
2020,Akershus,Rælingen,Østlandet (Uten Oslo),Serveringsvirksomhet,Reiseliv ellers,16777395,63.0,34.9,9,8
2017,Akershus,Rælingen,Østlandet (Uten Oslo),Serveringsvirksomhet,Reiseliv ellers,14616217,94.0,37.7,8,8
2023,Akershus,Rælingen,Østlandet (Uten Oslo),Serveringsvirksomhet,Reiseliv ellers,24035627,104.0,43.2,19,10
2018,Akershus,Rælingen,Østlandet (Uten Oslo),Serveringsvirksomhet,Reiseliv ellers,15765782,62.0,33.0,8,8
2021,Akershus,Rælingen,Østlandet (Uten Oslo),Serveringsvirksomhet,Reiseliv ellers,19946788,71.0,32.5,16,9
2017,Akershus,Ås,Østlandet (Uten Oslo),Formidling,Transport og formidling,583786,1.0,0.4,4,3
2019,Akershus,Ås,Østlandet (Uten Oslo),Formidling,Transport og formidling,356908,1.0,0.4,6,4
2015,Akershus,Ås,Østlandet (Uten Oslo),Formidling,Transport og formidling,277888,1.0,0.4,3,3
2018,Akershus,Ås,Østlandet (Uten Oslo),Formidling,Transport og formidling,101061,1.0,0.4,4,4
2022,Akershus,Ås,Østlandet (Uten Oslo),Formidling,Transport og formidling,155576,1.0,0.0,6,2
2021,Akershus,Ås,Østlandet (Uten Oslo),Formidling,Transport og formidling,1395837,3.0,0.7,7,3
2020,Akershus,Ås,Østlandet (Uten Oslo),Formidling,Transport og formidling,434615,3.0,0.5,7,3
2016,Akershus,Ås,Østlandet (Uten Oslo),Formidling,Transport og formidling,223096,1.0,0.1,4,4
2016,Akershus,Vestby,Østlandet (Uten Oslo),Serveringsvirksomhet,Reiseliv ellers,47745229,245.0,99.4,21,18
2015,Akershus,Vestby,Østlandet (Uten Oslo),Serveringsvirksomhet,Reiseliv ellers,43187536,299.0,82.39999999999999,16,15
2017,Akershus,Vestby,Østlandet (Uten Oslo),Serveringsvirksomhet,Reiseliv ellers,56992106,349.0,102.7,23,21
2022,Akershus,Vestby,Østlandet (Uten Oslo),Kultur og underholdning,Reiseliv ellers,75954241,89.0,69.4,14,11
2020,Akershus,Vestby,Østlandet (Uten Oslo),Kultur og underholdning,Reiseliv ellers,19716119,79.0,27.0,15,12
2024,Akershus,Vestby,Østlandet (Uten Oslo),Kultur og underholdning,Reiseliv ellers,98885978,78.0,92.7,17,13
2017,Akershus,Vestby,Østlandet (Uten Oslo),Kultur og underholdning,Reiseliv ellers,54173376,57.0,66.7,16,14
2018,Akershus,Vestby,Østlandet (Uten Oslo),Kultur og underholdning,Reiseliv ellers,55191112,56.0,63.30000000000001,16,14
2015,Akershus,Vestby,Østlandet (Uten Oslo),Kultur og underholdning,Reiseliv ellers,36072727,78.0,39.50000000000001,11,10
2021,Akershus,Vestby,Østlandet (Uten Oslo),Kultur og underholdning,Reiseliv ellers,20062671,80.0,37.70000000000001,15,13
2023,Akershus,Vestby,Østlandet (Uten Oslo),Kultur og underholdning,Reiseliv ellers,84310631,77.0,85.2,15,13
2019,Akershus,Vestby,Østlandet (Uten Oslo),Kultur og underholdning,Reiseliv ellers,56059931,79.0,61.6,15,13
2016,Akershus,Vestby,Østlandet (Uten Oslo),Kultur og underholdning,Reiseliv ellers,49229490,58.0,59.4,13,12
2024,Akershus,Ås,Østlandet (Uten Oslo),Serveringsvirksomhet,Reiseliv ellers,66297000,254.0,101.2,27,20
2023,Akershus,Nesodden,Østlandet (Uten Oslo),Serveringsvirksomhet,Reiseliv ellers,69008100,246.0,91.5,23,18
2023,Akershus,Lillestrøm,Østlandet (Uten Oslo),Transport,Transport og formidling,119190570,160.0,107.5,24,20
2023,Akershus,Bærum,Østlandet (Uten Oslo),Formidling,Transport og formidling,111111678,90.0,50.50000000000001,57,42
2023,Akershus,Asker,Østlandet (Uten Oslo),Kultur og underholdning,Reiseliv ellers,86511128,187.0,88.60000000000002,66,54
2024,Akershus,Asker,Østlandet (Uten Oslo),Kultur og underholdning,Reiseliv ellers,89083000,158.0,83.59999999999998,66,55
2019,Akershus,Nordre Follo,Østlandet (Uten Oslo),Overnattingsvirksomhet,Reiseliv ellers,61352302,185.0,116.5,6,5
2020,Akershus,Nordre Follo,Østlandet (Uten Oslo),Overnattingsvirksomhet,Reiseliv ellers,31330510,164.0,75.9,6,5
2021,Akershus,Nordre Follo,Østlandet (Uten Oslo),Overnattingsvirksomhet,Reiseliv ellers,39500033,108.0,73.2,6,5
2018,Akershus,Nordre Follo,Østlandet (Uten Oslo),Overnattingsvirksomhet,Reiseliv ellers,59466790,181.0,124.5,6,6
2020,Akershus,Rælingen,Østlandet (Uten Oslo),Formidling,Transport og formidling,988305,0.0,0.8,4,3
2023,Akershus,Rælingen,Østlandet (Uten Oslo),Formidling,Transport og formidling,188647,0.0,0.0,4,3
2024,Akershus,Rælingen,Østlandet (Uten Oslo),Formidling,Transport og formidling,903000,1.0,1.0,5,4
2017,Akershus,Rælingen,Østlandet (Uten Oslo),Formidling,Transport og formidling,1466431,5.0,1.9,5,4
2021,Akershus,Rælingen,Østlandet (Uten Oslo),Formidling,Transport og formidling,1318737,0.0,1.0,4,4
2015,Akershus,Rælingen,Østlandet (Uten Oslo),Formidling,Transport og formidling,1112888,4.0,1.0,3,3
2016,Akershus,Rælingen,Østlandet (Uten Oslo),Formidling,Transport og formidling,1112902,6.0,1.5,4,4
2018,Akershus,Rælingen,Østlandet (Uten Oslo),Formidling,Transport og formidling,1107991,2.0,1.1,5,5
2019,Akershus,Rælingen,Østlandet (Uten Oslo),Formidling,Transport og formidling,967031,0.0,0.9,4,4
2017,Akershus,Vestby,Østlandet (Uten Oslo),Overnattingsvirksomhet,Reiseliv ellers,82996629,248.0,159.70000000000002,4,3
2024,Akershus,Vestby,Østlandet (Uten Oslo),Overnattingsvirksomhet,Reiseliv ellers,88955000,299.0,167.2,5,5
2020,Akershus,Vestby,Østlandet (Uten Oslo),Overnattingsvirksomhet,Reiseliv ellers,90780133,270.0,171.60000000000002,4,4
2023,Akershus,Vestby,Østlandet (Uten Oslo),Overnattingsvirksomhet,Reiseliv ellers,83244344,302.0,180.2,5,4
2019,Akershus,Vestby,Østlandet (Uten Oslo),Overnattingsvirksomhet,Reiseliv ellers,88962166,269.0,163.2,4,4
2016,Akershus,Vestby,Østlandet (Uten Oslo),Overnattingsvirksomhet,Reiseliv ellers,93930089,241.0,146.2,3,3
2018,Akershus,Vestby,Østlandet (Uten Oslo),Overnattingsvirksomhet,Reiseliv ellers,91744007,270.0,157.09999999999997,4,4
2022,Akershus,Vestby,Østlandet (Uten Oslo),Overnattingsvirksomhet,Reiseliv ellers,90684807,310.0,200.6,5,5
2021,Akershus,Vestby,Østlandet (Uten Oslo),Overnattingsvirksomhet,Reiseliv ellers,84018407,260.0,178.3,4,4
2015,Akershus,Vestby,Østlandet (Uten Oslo),Overnattingsvirksomhet,Reiseliv ellers,89467914,232.0,134.1,3,3
2019,Akershus,Nesodden,Østlandet (Uten Oslo),Serveringsvirksomhet,Reiseliv ellers,39354116,312.0,67.9,21,16
2024,Akershus,Nesodden,Østlandet (Uten Oslo),Serveringsvirksomhet,Reiseliv ellers,62774000,259.0,88.60000000000001,24,20
2018,Akershus,Nesodden,Østlandet (Uten Oslo),Serveringsvirksomhet,Reiseliv ellers,32873726,239.0,57.8,22,17
2021,Akershus,Nesodden,Østlandet (Uten Oslo),Serveringsvirksomhet,Reiseliv ellers,52001578,308.0,91.1,23,20
2022,Akershus,Nesodden,Østlandet (Uten Oslo),Serveringsvirksomhet,Reiseliv ellers,68513510,305.0,93.0,23,20
2017,Akershus,Nesodden,Østlandet (Uten Oslo),Serveringsvirksomhet,Reiseliv ellers,26503447,208.0,45.400000000000006,19,16
2015,Akershus,Nesodden,Østlandet (Uten Oslo),Serveringsvirksomhet,Reiseliv ellers,30470152,238.0,52.3,16,14
2016,Akershus,Nesodden,Østlandet (Uten Oslo),Serveringsvirksomhet,Reiseliv ellers,32471502,225.0,45.3,18,14
2020,Akershus,Nesodden,Østlandet (Uten Oslo),Serveringsvirksomhet,Reiseliv ellers,35158704,253.0,69.0,22,17
2023,Akershus,Lillestrøm,Østlandet (Uten Oslo),Formidling,Transport og formidling,49186649,117.0,51.60000000000001,20,16
2024,Akershus,Lillestrøm,Østlandet (Uten Oslo),Formidling,Transport og formidling,47145000,93.0,42.9,20,15
2017,Akershus,Jevnaker,Østlandet (Uten Oslo),Serveringsvirksomhet,Reiseliv ellers,12077185,37.0,22.6,5,4
2016,Akershus,Jevnaker,Østlandet (Uten Oslo),Serveringsvirksomhet,Reiseliv ellers,11682261,41.0,20.0,4,4
2023,Akershus,Jevnaker,Østlandet (Uten Oslo),Serveringsvirksomhet,Reiseliv ellers,11740510,31.0,17.8,6,5
2024,Akershus,Jevnaker,Østlandet (Uten Oslo),Serveringsvirksomhet,Reiseliv ellers,13565000,31.0,18.8,6,6
2021,Akershus,Jevnaker,Østlandet (Uten Oslo),Serveringsvirksomhet,Reiseliv ellers,14357683,45.0,21.4,5,5
2020,Akershus,Jevnaker,Østlandet (Uten Oslo),Serveringsvirksomhet,Reiseliv ellers,12666993,42.0,19.1,4,4
2022,Akershus,Jevnaker,Østlandet (Uten Oslo),Serveringsvirksomhet,Reiseliv ellers,17738988,37.0,28.200000000000003,5,5
2018,Akershus,Jevnaker,Østlandet (Uten Oslo),Serveringsvirksomhet,Reiseliv ellers,11694928,44.0,22.4,4,4
2019,Akershus,Jevnaker,Østlandet (Uten Oslo),Serveringsvirksomhet,Reiseliv ellers,14635709,47.0,21.9,4,4
2015,Akershus,Jevnaker,Østlandet (Uten Oslo),Serveringsvirksomhet,Reiseliv ellers,12353992,48.0,20.2,4,4
2015,Akershus,Aurskog-Høland,Østlandet (Uten Oslo),Overnattingsvirksomhet,Reiseliv ellers,5527032,37.0,10.3,3,3
2018,Akershus,Aurskog-Høland,Østlandet (Uten Oslo),Overnattingsvirksomhet,Reiseliv ellers,4486198,40.0,10.7,4,4
2022,Akershus,Aurskog-Høland,Østlandet (Uten Oslo),Overnattingsvirksomhet,Reiseliv ellers,15526103,68.0,36.8,3,3
2019,Akershus,Aurskog-Høland,Østlandet (Uten Oslo),Overnattingsvirksomhet,Reiseliv ellers,17950388,39.0,8.600000000000001,4,4
2021,Akershus,Aurskog-Høland,Østlandet (Uten Oslo),Overnattingsvirksomhet,Reiseliv ellers,3716864,16.0,6.0,3,3
2017,Akershus,Aurskog-Høland,Østlandet (Uten Oslo),Overnattingsvirksomhet,Reiseliv ellers,5285747,59.0,11.0,3,3
2020,Akershus,Aurskog-Høland,Østlandet (Uten Oslo),Overnattingsvirksomhet,Reiseliv ellers,3159008,15.0,5.5,3,3
2016,Akershus,Aurskog-Høland,Østlandet (Uten Oslo),Overnattingsvirksomhet,Reiseliv ellers,5297574,49.0,11.9,3,3
2017,Akershus,Aurskog-Høland,Østlandet (Uten Oslo),Serveringsvirksomhet,Reiseliv ellers,16072520,141.0,34.7,9,9
2016,Akershus,Aurskog-Høland,Østlandet (Uten Oslo),Serveringsvirksomhet,Reiseliv ellers,11758343,105.0,22.8,9,9
2019,Akershus,Nannestad,Østlandet (Uten Oslo),Serveringsvirksomhet,Reiseliv ellers,8903448,44.0,15.8,10,8
2018,Akershus,Nannestad,Østlandet (Uten Oslo),Serveringsvirksomhet,Reiseliv ellers,7632698,46.0,16.0,9,7
2023,Akershus,Nannestad,Østlandet (Uten Oslo),Serveringsvirksomhet,Reiseliv ellers,15949525,82.0,23.300000000000004,11,10
2022,Akershus,Nannestad,Østlandet (Uten Oslo),Serveringsvirksomhet,Reiseliv ellers,14220562,71.0,25.700000000000003,11,9
2021,Akershus,Nannestad,Østlandet (Uten Oslo),Serveringsvirksomhet,Reiseliv ellers,10964173,52.0,21.700000000000003,14,10
2017,Akershus,Nannestad,Østlandet (Uten Oslo),Serveringsvirksomhet,Reiseliv ellers,7043439,87.0,15.5,9,6
2020,Akershus,Nannestad,Østlandet (Uten Oslo),Serveringsvirksomhet,Reiseliv ellers,7867157,44.0,11.6,10,7
2023,Akershus,Nordre Follo,Østlandet (Uten Oslo),Transport,Transport og formidling,503086465,621.0,580.0,11,9
2016,Akershus,Nesodden,Østlandet (Uten Oslo),Kultur og underholdning,Reiseliv ellers,8138505,17.0,10.9,15,11
2020,Akershus,Nesodden,Østlandet (Uten Oslo),Kultur og underholdning,Reiseliv ellers,9361522,22.0,9.7,17,14
2015,Akershus,Nesodden,Østlandet (Uten Oslo),Kultur og underholdning,Reiseliv ellers,6590488,16.0,8.4,14,11
2018,Akershus,Nesodden,Østlandet (Uten Oslo),Kultur og underholdning,Reiseliv ellers,8055434,25.0,11.6,16,12
2021,Akershus,Nesodden,Østlandet (Uten Oslo),Kultur og underholdning,Reiseliv ellers,8529222,27.0,11.1,17,14
2019,Akershus,Nesodden,Østlandet (Uten Oslo),Kultur og underholdning,Reiseliv ellers,7525243,25.0,8.9,16,14
2017,Akershus,Nesodden,Østlandet (Uten Oslo),Kultur og underholdning,Reiseliv ellers,6685061,20.0,8.700000000000001,15,11
2022,Akershus,Lillestrøm,Østlandet (Uten Oslo),Formidling,Transport og formidling,51680783,122.0,46.6,19,15
2019,Akershus,Gjerdrum,Østlandet (Uten Oslo),Kultur og underholdning,Reiseliv ellers,3704143,4.0,5.1,4,4
2018,Akershus,Gjerdrum,Østlandet (Uten Oslo),Kultur og underholdning,Reiseliv ellers,4708043,4.0,6.0,5,4
2021,Akershus,Gjerdrum,Østlandet (Uten Oslo),Kultur og underholdning,Reiseliv ellers,2364753,4.0,3.2,5,4
2017,Akershus,Gjerdrum,Østlandet (Uten Oslo),Kultur og underholdning,Reiseliv ellers,5119854,5.0,8.200000000000001,4,4
2020,Akershus,Gjerdrum,Østlandet (Uten Oslo),Kultur og underholdning,Reiseliv ellers,1322901,4.0,1.9,5,3
2022,Akershus,Nordre Follo,Østlandet (Uten Oslo),Overnattingsvirksomhet,Reiseliv ellers,73197133,160.0,102.4,6,5
2023,Akershus,Nordre Follo,Østlandet (Uten Oslo),Overnattingsvirksomhet,Reiseliv ellers,79656936,178.0,112.3,5,5
2018,Akershus,Bærum,Østlandet (Uten Oslo),Overnattingsvirksomhet,Reiseliv ellers,248865744,505.0,419.9,13,13
2020,Akershus,Bærum,Østlandet (Uten Oslo),Overnattingsvirksomhet,Reiseliv ellers,166876174,412.0,335.1,14,13
2021,Akershus,Bærum,Østlandet (Uten Oslo),Overnattingsvirksomhet,Reiseliv ellers,187797187,351.0,310.40000000000003,17,15
2019,Akershus,Bærum,Østlandet (Uten Oslo),Overnattingsvirksomhet,Reiseliv ellers,306431132,472.0,469.50000000000006,14,13
2016,Akershus,Bærum,Østlandet (Uten Oslo),Overnattingsvirksomhet,Reiseliv ellers,222106140,722.0,382.4,13,13
2015,Akershus,Bærum,Østlandet (Uten Oslo),Overnattingsvirksomhet,Reiseliv ellers,155112275,719.0,305.4,12,12
2017,Akershus,Bærum,Østlandet (Uten Oslo),Overnattingsvirksomhet,Reiseliv ellers,269722579,675.0,457.4,13,13
2022,Akershus,Rælingen,Østlandet (Uten Oslo),Formidling,Transport og formidling,1103177,2.0,1.8,5,4
2022,Akershus,Lørenskog,Østlandet (Uten Oslo),Transport,Transport og formidling,115412774,274.0,83.5,11,9
2023,Akershus,Lørenskog,Østlandet (Uten Oslo),Transport,Transport og formidling,121861544,249.0,88.6,15,13
2018,Akershus,Nordre Follo,Østlandet (Uten Oslo),Kultur og underholdning,Reiseliv ellers,38088320,368.0,121.8,19,15
2022,Akershus,Nordre Follo,Østlandet (Uten Oslo),Kultur og underholdning,Reiseliv ellers,40792598,97.0,29.4,27,21
2017,Akershus,Nordre Follo,Østlandet (Uten Oslo),Kultur og underholdning,Reiseliv ellers,32844068,341.0,111.8,18,14
2024,Akershus,Nordre Follo,Østlandet (Uten Oslo),Kultur og underholdning,Reiseliv ellers,39209000,57.0,29.6,31,27
2015,Akershus,Nordre Follo,Østlandet (Uten Oslo),Kultur og underholdning,Reiseliv ellers,17274480,194.0,36.0,17,13
2020,Akershus,Nordre Follo,Østlandet (Uten Oslo),Kultur og underholdning,Reiseliv ellers,32858213,321.0,87.0,24,20
2021,Akershus,Nordre Follo,Østlandet (Uten Oslo),Kultur og underholdning,Reiseliv ellers,76408610,334.0,154.3,27,21
2016,Akershus,Nordre Follo,Østlandet (Uten Oslo),Kultur og underholdning,Reiseliv ellers,23094999,272.0,100.0,19,14
2023,Akershus,Nordre Follo,Østlandet (Uten Oslo),Kultur og underholdning,Reiseliv ellers,35562743,59.0,30.700000000000003,27,23
2019,Akershus,Nordre Follo,Østlandet (Uten Oslo),Kultur og underholdning,Reiseliv ellers,62685884,357.0,131.9,24,21
2016,Akershus,Enebakk,Østlandet (Uten Oslo),Kultur og underholdning,Reiseliv ellers,0,0.0,0.0,2,0
2017,Akershus,Enebakk,Østlandet (Uten Oslo),Kultur og underholdning,Reiseliv ellers,0,0.0,0.0,2,1
2015,Akershus,Enebakk,Østlandet (Uten Oslo),Kultur og underholdning,Reiseliv ellers,0,0.0,0.0,1,0
2024,Akershus,Lørenskog,Østlandet (Uten Oslo),Kultur og underholdning,Reiseliv ellers,36380000,224.0,80.7,20,15
2023,Akershus,Lørenskog,Østlandet (Uten Oslo),Kultur og underholdning,Reiseliv ellers,30362037,323.0,114.2,18,13
2020,Akershus,Ås,Østlandet (Uten Oslo),Serveringsvirksomhet,Reiseliv ellers,58695882,256.0,101.9,23,20
2020,Akershus,Eidsvoll,Østlandet (Uten Oslo),Serveringsvirksomhet,Reiseliv ellers,41695819,233.0,81.8,19,15
2021,Akershus,Eidsvoll,Østlandet (Uten Oslo),Serveringsvirksomhet,Reiseliv ellers,57531998,246.0,93.60000000000002,25,19
2017,Akershus,Eidsvoll,Østlandet (Uten Oslo),Serveringsvirksomhet,Reiseliv ellers,45501243,241.0,78.0,15,14
2019,Akershus,Eidsvoll,Østlandet (Uten Oslo),Serveringsvirksomhet,Reiseliv ellers,44236305,206.0,80.1,15,12
2015,Akershus,Eidsvoll,Østlandet (Uten Oslo),Serveringsvirksomhet,Reiseliv ellers,48818776,218.0,87.79999999999998,17,16
2016,Akershus,Eidsvoll,Østlandet (Uten Oslo),Serveringsvirksomhet,Reiseliv ellers,51646195,251.0,90.1,19,18
2018,Akershus,Eidsvoll,Østlandet (Uten Oslo),Serveringsvirksomhet,Reiseliv ellers,46130200,229.0,84.5,18,15
2015,Akershus,Ullensaker,Østlandet (Uten Oslo),Transport,Transport og formidling,2658423685,1739.0,3515.9,15,13
2017,Akershus,Ullensaker,Østlandet (Uten Oslo),Transport,Transport og formidling,2518377836,1860.0,4446.2,15,14
2018,Akershus,Ullensaker,Østlandet (Uten Oslo),Transport,Transport og formidling,1587769492,1980.0,3964.7,13,13
2016,Akershus,Ullensaker,Østlandet (Uten Oslo),Transport,Transport og formidling,3664919026,1770.0,3670.5,15,14
2023,Akershus,Ås,Østlandet (Uten Oslo),Formidling,Transport og formidling,69066,1.0,0.2,7,4
2024,Akershus,Ås,Østlandet (Uten Oslo),Formidling,Transport og formidling,212000,2.0,0.3,6,4
2024,Akershus,Asker,Østlandet (Uten Oslo),Formidling,Transport og formidling,24607000,40.0,22.699999999999992,48,33
2021,Akershus,Asker,Østlandet (Uten Oslo),Formidling,Transport og formidling,14178161,25.0,11.5,37,27
2023,Akershus,Asker,Østlandet (Uten Oslo),Formidling,Transport og formidling,23049081,40.0,21.4,46,31
2023,Akershus,Nesodden,Østlandet (Uten Oslo),Formidling,Transport og formidling,810258,3.0,2.4,8,3
2021,Akershus,Lørenskog,Østlandet (Uten Oslo),Kultur og underholdning,Reiseliv ellers,16828304,214.0,59.7,12,10
2020,Akershus,Lørenskog,Østlandet (Uten Oslo),Kultur og underholdning,Reiseliv ellers,11203584,182.0,69.80000000000001,14,12
2024,Akershus,Lørenskog,Østlandet (Uten Oslo),Serveringsvirksomhet,Reiseliv ellers,262147000,682.0,411.8,80,58
2024,Akershus,Bærum,Østlandet (Uten Oslo),Transport,Transport og formidling,1993822000,573.0,810.3000000000001,34,26
2022,Akershus,Frogn,Østlandet (Uten Oslo),Kultur og underholdning,Reiseliv ellers,4661855,17.0,6.4,10,7
2019,Akershus,Frogn,Østlandet (Uten Oslo),Kultur og underholdning,Reiseliv ellers,3068698,16.0,4.1,9,7
2023,Akershus,Frogn,Østlandet (Uten Oslo),Kultur og underholdning,Reiseliv ellers,2924560,17.0,3.4,9,6
2020,Akershus,Frogn,Østlandet (Uten Oslo),Kultur og underholdning,Reiseliv ellers,4670045,13.0,4.9,9,5
2017,Akershus,Frogn,Østlandet (Uten Oslo),Kultur og underholdning,Reiseliv ellers,5219895,10.0,3.2,8,5
2016,Akershus,Frogn,Østlandet (Uten Oslo),Kultur og underholdning,Reiseliv ellers,4197567,9.0,4.1,7,4
2018,Akershus,Frogn,Østlandet (Uten Oslo),Kultur og underholdning,Reiseliv ellers,1661371,12.0,3.1,9,6
2021,Akershus,Frogn,Østlandet (Uten Oslo),Kultur og underholdning,Reiseliv ellers,4987272,16.0,6.7,8,5
2024,Akershus,Frogn,Østlandet (Uten Oslo),Kultur og underholdning,Reiseliv ellers,6163000,27.0,6.5,10,8
2015,Akershus,Frogn,Østlandet (Uten Oslo),Kultur og underholdning,Reiseliv ellers,4374064,10.0,3.8,9,6
2024,Akershus,Nannestad,Østlandet (Uten Oslo),Transport,Transport og formidling,293425000,333.0,269.70000000000005,6,5
2023,Akershus,Nannestad,Østlandet (Uten Oslo),Transport,Transport og formidling,266784559,328.0,269.4,6,4
2017,Akershus,Lillestrøm,Østlandet (Uten Oslo),Formidling,Transport og formidling,31421957,54.0,36.8,13,12
2016,Akershus,Lillestrøm,Østlandet (Uten Oslo),Formidling,Transport og formidling,34632831,78.0,41.1,13,11
2015,Akershus,Lillestrøm,Østlandet (Uten Oslo),Formidling,Transport og formidling,33914360,84.0,42.3,11,11
2024,Akershus,Ullensaker,Østlandet (Uten Oslo),Formidling,Transport og formidling,20992000,39.0,17.6,14,11
2023,Akershus,Ullensaker,Østlandet (Uten Oslo),Formidling,Transport og formidling,17659729,42.0,16.5,12,10
2024,Akershus,Nannestad,Østlandet (Uten Oslo),Formidling,Transport og formidling,40000,,0.0,3,2
2023,Akershus,Nannestad,Østlandet (Uten Oslo),Formidling,Transport og formidling,132981,,0.0,5,3
2024,Akershus,Nesodden,Østlandet (Uten Oslo),Kultur og underholdning,Reiseliv ellers,12876000,17.0,11.6,15,13
2022,Akershus,Nesodden,Østlandet (Uten Oslo),Kultur og underholdning,Reiseliv ellers,11796613,20.0,12.2,15,12
2015,Akershus,Nesodden,Østlandet (Uten Oslo),Formidling,Transport og formidling,824312,3.0,1.1,4,4
2022,Akershus,Bærum,Østlandet (Uten Oslo),Formidling,Transport og formidling,97117830,99.0,70.4,57,40
2019,Akershus,Nes,Østlandet (Uten Oslo),Formidling,Transport og formidling,1304648,2.0,1.1,5,4
2016,Akershus,Nes,Østlandet (Uten Oslo),Formidling,Transport og formidling,99297,1.0,0.0,2,2
2015,Akershus,Nes,Østlandet (Uten Oslo),Formidling,Transport og formidling,217768,6.0,0.3,2,2
2018,Akershus,Nes,Østlandet (Uten Oslo),Formidling,Transport og formidling,953932,2.0,0.7,4,4
2017,Akershus,Nes,Østlandet (Uten Oslo),Formidling,Transport og formidling,1561409,1.0,1.2,3,3
2024,Akershus,Rælingen,Østlandet (Uten Oslo),Transport,Transport og formidling,3160000,7.0,2.7,5,3
2023,Akershus,Rælingen,Østlandet (Uten Oslo),Transport,Transport og formidling,3080222,4.0,2.9,3,1
2024,Akershus,Ås,Østlandet (Uten Oslo),Transport,Transport og formidling,115000,0.0,0.0,12,1
2020,Akershus,Ås,Østlandet (Uten Oslo),Transport,Transport og formidling,0,,0.0,7,0
2022,Akershus,Ås,Østlandet (Uten Oslo),Transport,Transport og formidling,1494840,1.0,1.4,11,2
2021,Akershus,Ås,Østlandet (Uten Oslo),Transport,Transport og formidling,0,,0.0,8,0
2019,Akershus,Ås,Østlandet (Uten Oslo),Transport,Transport og formidling,0,0.0,0.0,7,0
2023,Akershus,Ås,Østlandet (Uten Oslo),Transport,Transport og formidling,360802,0.0,0.4,11,1
2021,Akershus,Gjerdrum,Østlandet (Uten Oslo),Serveringsvirksomhet,Reiseliv ellers,8201264,27.0,14.6,10,7
2015,Akershus,Bærum,Østlandet (Uten Oslo),Transport,Transport og formidling,1438497983,502.0,2221.7000000000003,22,17
2022,Akershus,Bærum,Østlandet (Uten Oslo),Overnattingsvirksomhet,Reiseliv ellers,289839108,565.0,478.8,19,15
2023,Akershus,Bærum,Østlandet (Uten Oslo),Overnattingsvirksomhet,Reiseliv ellers,265389795,599.0,442.7,22,14
2020,Akershus,Asker,Østlandet (Uten Oslo),Formidling,Transport og formidling,9372234,28.0,12.3,36,23
2019,Akershus,Asker,Østlandet (Uten Oslo),Formidling,Transport og formidling,17248618,28.0,23.1,33,24
2018,Akershus,Bærum,Østlandet (Uten Oslo),Transport,Transport og formidling,492074444,704.0,2792.6,21,18
2016,Akershus,Bærum,Østlandet (Uten Oslo),Transport,Transport og formidling,2542599004,627.0,2364.5,19,15
2021,Akershus,Bærum,Østlandet (Uten Oslo),Transport,Transport og formidling,3306730219,370.0,476.19999999999993,21,17
2022,Akershus,Bærum,Østlandet (Uten Oslo),Transport,Transport og formidling,521417522,509.0,570.9,25,21
2017,Akershus,Bærum,Østlandet (Uten Oslo),Transport,Transport og formidling,1512406514,649.0,3367.5,21,18
2019,Akershus,Bærum,Østlandet (Uten Oslo),Transport,Transport og formidling,2142853285,699.0,2732.8,21,18
2020,Akershus,Bærum,Østlandet (Uten Oslo),Transport,Transport og formidling,931402820,646.0,1395.8000000000002,20,16
2023,Akershus,Bærum,Østlandet (Uten Oslo),Transport,Transport og formidling,1463653964,602.0,816.3,30,24
2024,Akershus,Enebakk,Østlandet (Uten Oslo),Kultur og underholdning,Reiseliv ellers,1885000,5.0,2.3000000000000003,8,6
2023,Akershus,Enebakk,Østlandet (Uten Oslo),Kultur og underholdning,Reiseliv ellers,355647,7.0,0.5,8,4
2015,Akershus,Ås,Østlandet (Uten Oslo),Serveringsvirksomhet,Reiseliv ellers,26459480,150.0,48.1,13,11
2016,Akershus,Ås,Østlandet (Uten Oslo),Serveringsvirksomhet,Reiseliv ellers,36705177,203.0,61.400000000000006,13,13
2018,Akershus,Asker,Østlandet (Uten Oslo),Formidling,Transport og formidling,16349970,30.0,20.4,32,26
2017,Akershus,Asker,Østlandet (Uten Oslo),Formidling,Transport og formidling,14318616,42.0,15.7,31,24
2024,Akershus,Nittedal,Østlandet (Uten Oslo),Kultur og underholdning,Reiseliv ellers,32963000,51.0,46.6,9,8
2021,Akershus,Rælingen,Østlandet (Uten Oslo),Transport,Transport og formidling,699645,0.0,0.1,3,2
2021,Akershus,Lørenskog,Østlandet (Uten Oslo),Transport,Transport og formidling,76824029,179.0,73.80000000000001,6,6
2015,Akershus,Lørenskog,Østlandet (Uten Oslo),Transport,Transport og formidling,54058570,101.0,50.6,5,4
2017,Akershus,Lørenskog,Østlandet (Uten Oslo),Transport,Transport og formidling,58829588,199.0,65.9,6,6
2019,Akershus,Lørenskog,Østlandet (Uten Oslo),Transport,Transport og formidling,74456678,201.0,66.7,5,4
2020,Akershus,Lørenskog,Østlandet (Uten Oslo),Transport,Transport og formidling,82836767,197.0,72.6,5,4
2016,Akershus,Lørenskog,Østlandet (Uten Oslo),Transport,Transport og formidling,55509770,131.0,57.7,5,5
2018,Akershus,Lørenskog,Østlandet (Uten Oslo),Transport,Transport og formidling,65521925,158.0,63.0,5,4
2019,Akershus,Nes,Østlandet (Uten Oslo),Overnattingsvirksomhet,Reiseliv ellers,2101667,35.0,4.1,3,3
2021,Akershus,Nes,Østlandet (Uten Oslo),Overnattingsvirksomhet,Reiseliv ellers,4007999,18.0,3.3,4,4
2024,Akershus,Nes,Østlandet (Uten Oslo),Overnattingsvirksomhet,Reiseliv ellers,5281000,7.0,4.0,4,4
2023,Akershus,Nes,Østlandet (Uten Oslo),Overnattingsvirksomhet,Reiseliv ellers,3956455,16.0,4.6,4,4
2020,Akershus,Nes,Østlandet (Uten Oslo),Overnattingsvirksomhet,Reiseliv ellers,2379078,27.0,1.9,3,3
2020,Akershus,Nes,Østlandet (Uten Oslo),Formidling,Transport og formidling,765639,2.0,0.2,4,4
2022,Akershus,Nittedal,Østlandet (Uten Oslo),Serveringsvirksomhet,Reiseliv ellers,66335435,235.0,93.9,26,21
2024,Akershus,Nittedal,Østlandet (Uten Oslo),Serveringsvirksomhet,Reiseliv ellers,63234000,249.0,92.9,30,23
2023,Akershus,Nittedal,Østlandet (Uten Oslo),Serveringsvirksomhet,Reiseliv ellers,55627484,255.0,93.5,25,21
2023,Akershus,Lørenskog,Østlandet (Uten Oslo),Formidling,Transport og formidling,6805764,14.0,10.0,6,5
2021,Akershus,Lørenskog,Østlandet (Uten Oslo),Formidling,Transport og formidling,2845757,10.0,4.4,6,6
2022,Akershus,Lørenskog,Østlandet (Uten Oslo),Formidling,Transport og formidling,7302305,24.0,8.5,7,6
2024,Akershus,Lørenskog,Østlandet (Uten Oslo),Formidling,Transport og formidling,9121000,25.0,12.1,7,6
2020,Akershus,Lørenskog,Østlandet (Uten Oslo),Formidling,Transport og formidling,1006166,14.0,5.2,7,4
2024,Akershus,Aurskog-Høland,Østlandet (Uten Oslo),Kultur og underholdning,Reiseliv ellers,3305000,4.0,2.8,10,8
2019,Akershus,Lunner,Østlandet (Uten Oslo),Kultur og underholdning,Reiseliv ellers,1562684,5.0,2.0,4,4
2020,Akershus,Lunner,Østlandet (Uten Oslo),Kultur og underholdning,Reiseliv ellers,1456263,5.0,0.8999999999999999,4,3
2018,Akershus,Lunner,Østlandet (Uten Oslo),Kultur og underholdning,Reiseliv ellers,3735623,3.0,2.5,4,4
2017,Akershus,Lunner,Østlandet (Uten Oslo),Kultur og underholdning,Reiseliv ellers,617978,2.0,0.8,3,2
2021,Akershus,Lunner,Østlandet (Uten Oslo),Kultur og underholdning,Reiseliv ellers,3347479,3.0,1.2,4,4
2016,Akershus,Lunner,Østlandet (Uten Oslo),Kultur og underholdning,Reiseliv ellers,223096,0.0,1.1,3,2
2022,Akershus,Gjerdrum,Østlandet (Uten Oslo),Kultur og underholdning,Reiseliv ellers,6937840,6.0,5.799999999999999,6,6
2017,Akershus,Gjerdrum,Østlandet (Uten Oslo),Serveringsvirksomhet,Reiseliv ellers,2575756,21.0,5.7,4,3
2018,Akershus,Gjerdrum,Østlandet (Uten Oslo),Serveringsvirksomhet,Reiseliv ellers,3547054,22.0,6.6,5,3
2022,Akershus,Aurskog-Høland,Østlandet (Uten Oslo),Serveringsvirksomhet,Reiseliv ellers,18574529,87.0,32.400000000000006,12,11
2016,Akershus,Rælingen,Østlandet (Uten Oslo),Transport,Transport og formidling,4540594,22.0,6.2,2,2
2015,Akershus,Rælingen,Østlandet (Uten Oslo),Transport,Transport og formidling,4912472,25.0,5.1000000000000005,2,2
2018,Akershus,Rælingen,Østlandet (Uten Oslo),Transport,Transport og formidling,8400530,21.0,7.8,2,2
2022,Akershus,Rælingen,Østlandet (Uten Oslo),Transport,Transport og formidling,1795113,3.0,1.2000000000000002,3,2
2017,Akershus,Rælingen,Østlandet (Uten Oslo),Transport,Transport og formidling,5935385,22.0,6.5,2,2
2019,Akershus,Rælingen,Østlandet (Uten Oslo),Transport,Transport og formidling,8685205,29.0,8.6,2,2
2022,Akershus,Ullensaker,Østlandet (Uten Oslo),Formidling,Transport og formidling,22071195,36.0,21.8,13,13
2018,Akershus,Ullensaker,Østlandet (Uten Oslo),Formidling,Transport og formidling,11384344,20.0,13.200000000000005,13,10
2020,Akershus,Ullensaker,Østlandet (Uten Oslo),Formidling,Transport og formidling,10732794,22.0,19.1,11,10
2019,Akershus,Ullensaker,Østlandet (Uten Oslo),Formidling,Transport og formidling,13032026,25.0,13.7,13,10
2017,Akershus,Ullensaker,Østlandet (Uten Oslo),Formidling,Transport og formidling,12986423,30.0,12.7,13,12
2021,Akershus,Ullensaker,Østlandet (Uten Oslo),Formidling,Transport og formidling,18374504,22.0,19.4,11,11
2024,Akershus,Aurskog-Høland,Østlandet (Uten Oslo),Overnattingsvirksomhet,Reiseliv ellers,14778000,62.0,27.6,3,3
2023,Akershus,Aurskog-Høland,Østlandet (Uten Oslo),Overnattingsvirksomhet,Reiseliv ellers,7283055,57.0,29.9,3,3
2022,Akershus,Ullensaker,Østlandet (Uten Oslo),Transport,Transport og formidling,1737768306,2061.0,2439.6,18,11
2016,Akershus,Gjerdrum,Østlandet (Uten Oslo),Kultur og underholdning,Reiseliv ellers,4951968,21.0,7.799999999999999,3,3
2024,Akershus,Gjerdrum,Østlandet (Uten Oslo),Kultur og underholdning,Reiseliv ellers,3922000,13.0,5.699999999999999,7,5
2023,Akershus,Gjerdrum,Østlandet (Uten Oslo),Kultur og underholdning,Reiseliv ellers,3632763,8.0,5.1,7,6
2015,Akershus,Nordre Follo,Østlandet (Uten Oslo),Formidling,Transport og formidling,21088760,48.0,29.000000000000004,17,16
2016,Akershus,Nordre Follo,Østlandet (Uten Oslo),Formidling,Transport og formidling,28088233,48.0,28.4,19,17
2023,Akershus,Ås,Østlandet (Uten Oslo),Serveringsvirksomhet,Reiseliv ellers,69469926,312.0,112.79999999999998,28,24
2015,Akershus,Frogn,Østlandet (Uten Oslo),Transport,Transport og formidling,68554170,95.0,77.0,4,3
2024,Akershus,Nesodden,Østlandet (Uten Oslo),Overnattingsvirksomhet,Reiseliv ellers,0,1.0,0.0,1,0
2017,Akershus,Nordre Follo,Østlandet (Uten Oslo),Transport,Transport og formidling,169816369,238.0,209.4,8,7
2019,Akershus,Nordre Follo,Østlandet (Uten Oslo),Transport,Transport og formidling,212395062,239.0,194.7,8,7
2016,Akershus,Nordre Follo,Østlandet (Uten Oslo),Transport,Transport og formidling,183583946,268.0,203.5,8,7
2020,Akershus,Nordre Follo,Østlandet (Uten Oslo),Transport,Transport og formidling,119179064,212.0,140.1,8,7
2015,Akershus,Nordre Follo,Østlandet (Uten Oslo),Transport,Transport og formidling,191610464,233.0,162.10000000000002,7,7
2018,Akershus,Nordre Follo,Østlandet (Uten Oslo),Transport,Transport og formidling,148843220,238.0,127.70000000000002,8,7
2023,Akershus,Vestby,Østlandet (Uten Oslo),Transport,Transport og formidling,79462103,131.0,72.80000000000001,7,6
2024,Akershus,Vestby,Østlandet (Uten Oslo),Transport,Transport og formidling,86354000,140.0,73.8,7,6
2015,Akershus,Asker,Østlandet (Uten Oslo),Formidling,Transport og formidling,12607832,29.0,14.700000000000005,29,24
2016,Akershus,Asker,Østlandet (Uten Oslo),Formidling,Transport og formidling,14443237,35.0,17.200000000000003,27,22
2022,Akershus,Nittedal,Østlandet (Uten Oslo),Formidling,Transport og formidling,0,,0.0,1,0
2017,Akershus,Nittedal,Østlandet (Uten Oslo),Formidling,Transport og formidling,0,0.0,0.0,1,0
2018,Akershus,Nittedal,Østlandet (Uten Oslo),Formidling,Transport og formidling,0,0.0,0.0,1,0
2016,Akershus,Nittedal,Østlandet (Uten Oslo),Formidling,Transport og formidling,0,0.0,0.0,1,0
2023,Akershus,Nittedal,Østlandet (Uten Oslo),Formidling,Transport og formidling,0,0.0,0.0,2,0
2024,Akershus,Nittedal,Østlandet (Uten Oslo),Formidling,Transport og formidling,0,,0.0,2,1
2019,Akershus,Nittedal,Østlandet (Uten Oslo),Formidling,Transport og formidling,0,0.0,0.0,1,0
2015,Akershus,Nittedal,Østlandet (Uten Oslo),Formidling,Transport og formidling,0,14.0,0.0,2,1
2020,Akershus,Nittedal,Østlandet (Uten Oslo),Formidling,Transport og formidling,0,,0.0,1,0
2021,Akershus,Nittedal,Østlandet (Uten Oslo),Formidling,Transport og formidling,0,,0.0,1,0
2024,Akershus,Nesodden,Østlandet (Uten Oslo),Transport,Transport og formidling,47865000,105.0,56.7,5,4
2023,Akershus,Nesodden,Østlandet (Uten Oslo),Transport,Transport og formidling,3369894,20.0,2.5,4,4
2023,Akershus,Nes,Østlandet (Uten Oslo),Kultur og underholdning,Reiseliv ellers,15566042,27.0,13.9,18,15
2015,Akershus,Frogn,Østlandet (Uten Oslo),Formidling,Transport og formidling,1699392,8.0,0.7,11,9
2019,Akershus,Frogn,Østlandet (Uten Oslo),Formidling,Transport og formidling,2194510,12.0,1.4,7,5
2018,Akershus,Frogn,Østlandet (Uten Oslo),Formidling,Transport og formidling,791246,5.0,0.6000000000000001,8,5
2016,Akershus,Frogn,Østlandet (Uten Oslo),Formidling,Transport og formidling,376553,3.0,0.1,10,9
2023,Akershus,Nittedal,Østlandet (Uten Oslo),Kultur og underholdning,Reiseliv ellers,25389151,56.0,44.6,8,8
2023,Akershus,Nordre Follo,Østlandet (Uten Oslo),Formidling,Transport og formidling,32440257,58.0,33.49999999999999,26,20
2021,Akershus,Nittedal,Østlandet (Uten Oslo),Kultur og underholdning,Reiseliv ellers,15000942,27.0,18.2,7,5
2019,Akershus,Nittedal,Østlandet (Uten Oslo),Kultur og underholdning,Reiseliv ellers,11583890,15.0,17.3,7,5
2020,Akershus,Nittedal,Østlandet (Uten Oslo),Kultur og underholdning,Reiseliv ellers,14413796,21.0,18.700000000000003,7,7
2021,Akershus,Asker,Østlandet (Uten Oslo),Transport,Transport og formidling,197200968,333.0,181.29999999999995,17,15
2021,Akershus,Eidsvoll,Østlandet (Uten Oslo),Formidling,Transport og formidling,101264,,0.0,4,2
2016,Akershus,Eidsvoll,Østlandet (Uten Oslo),Formidling,Transport og formidling,0,0.0,0.0,2,1
2019,Akershus,Eidsvoll,Østlandet (Uten Oslo),Formidling,Transport og formidling,0,0.0,0.0,4,3
2015,Akershus,Eidsvoll,Østlandet (Uten Oslo),Formidling,Transport og formidling,0,0.0,0.0,1,0
2017,Akershus,Eidsvoll,Østlandet (Uten Oslo),Formidling,Transport og formidling,0,0.0,0.0,2,1
2018,Akershus,Eidsvoll,Østlandet (Uten Oslo),Formidling,Transport og formidling,0,0.0,0.0,3,2
2024,Akershus,Eidsvoll,Østlandet (Uten Oslo),Formidling,Transport og formidling,1000,,0.0,2,1
2023,Akershus,Eidsvoll,Østlandet (Uten Oslo),Formidling,Transport og formidling,153598,,0.0,2,2
2020,Akershus,Eidsvoll,Østlandet (Uten Oslo),Formidling,Transport og formidling,0,,0.0,4,2
2022,Akershus,Eidsvoll,Østlandet (Uten Oslo),Formidling,Transport og formidling,269811,,0.0,2,2
2023,Akershus,Nannestad,Østlandet (Uten Oslo),Kultur og underholdning,Reiseliv ellers,6506812,47.0,3.2,6,6
2022,Akershus,Vestby,Østlandet (Uten Oslo),Formidling,Transport og formidling,6085980,4.0,2.1,5,4
2023,Akershus,Vestby,Østlandet (Uten Oslo),Formidling,Transport og formidling,5439868,3.0,1.8,5,4
2016,Akershus,Ullensaker,Østlandet (Uten Oslo),Formidling,Transport og formidling,14147928,23.0,14.799999999999995,11,10
2024,Akershus,Ås,Østlandet (Uten Oslo),Kultur og underholdning,Reiseliv ellers,184247000,868.0,175.0,18,18
2021,Akershus,Ås,Østlandet (Uten Oslo),Kultur og underholdning,Reiseliv ellers,157880452,714.0,142.7,13,12
2023,Akershus,Ås,Østlandet (Uten Oslo),Kultur og underholdning,Reiseliv ellers,168449387,907.0,179.10000000000002,16,16
2017,Akershus,Frogn,Østlandet (Uten Oslo),Formidling,Transport og formidling,783869,2.0,0.5,7,5
2020,Akershus,Lillestrøm,Østlandet (Uten Oslo),Formidling,Transport og formidling,24195648,81.0,34.2,19,13
2019,Akershus,Lillestrøm,Østlandet (Uten Oslo),Formidling,Transport og formidling,32291887,77.0,41.59999999999999,17,12
2021,Akershus,Lillestrøm,Østlandet (Uten Oslo),Formidling,Transport og formidling,28320664,96.0,36.5,20,15
2023,Akershus,Eidsvoll,Østlandet (Uten Oslo),Kultur og underholdning,Reiseliv ellers,23421230,75.0,37.900000000000006,12,8
2022,Akershus,Eidsvoll,Østlandet (Uten Oslo),Kultur og underholdning,Reiseliv ellers,25423163,64.0,38.6,10,8
2024,Akershus,Eidsvoll,Østlandet (Uten Oslo),Kultur og underholdning,Reiseliv ellers,21872000,77.0,35.2,13,9
2020,Akershus,Jevnaker,Østlandet (Uten Oslo),Kultur og underholdning,Reiseliv ellers,38959524,23.0,27.9,4,3
2018,Akershus,Jevnaker,Østlandet (Uten Oslo),Kultur og underholdning,Reiseliv ellers,169266520,33.0,11.0,4,3
2016,Akershus,Jevnaker,Østlandet (Uten Oslo),Kultur og underholdning,Reiseliv ellers,5096400,23.0,9.6,3,3
2019,Akershus,Jevnaker,Østlandet (Uten Oslo),Kultur og underholdning,Reiseliv ellers,151309236,35.0,17.0,4,3
2017,Akershus,Jevnaker,Østlandet (Uten Oslo),Kultur og underholdning,Reiseliv ellers,22405543,36.0,9.6,4,3
2015,Akershus,Ullensaker,Østlandet (Uten Oslo),Kultur og underholdning,Reiseliv ellers,30935080,83.0,31.8,9,8
2020,Akershus,Nordre Follo,Østlandet (Uten Oslo),Formidling,Transport og formidling,12680088,43.0,16.700000000000003,21,18
2018,Akershus,Nordre Follo,Østlandet (Uten Oslo),Formidling,Transport og formidling,21139358,39.0,25.500000000000004,19,17
2017,Akershus,Nordre Follo,Østlandet (Uten Oslo),Formidling,Transport og formidling,29486970,47.0,28.8,18,16
2019,Akershus,Nordre Follo,Østlandet (Uten Oslo),Formidling,Transport og formidling,25455132,48.0,34.5,19,17
2022,Akershus,Nordre Follo,Østlandet (Uten Oslo),Formidling,Transport og formidling,43818178,54.0,41.9,28,21
2021,Akershus,Nordre Follo,Østlandet (Uten Oslo),Formidling,Transport og formidling,12661500,38.0,14.4,21,18
2020,Akershus,Nannestad,Østlandet (Uten Oslo),Transport,Transport og formidling,242345891,289.0,249.6,3,3
2019,Akershus,Nannestad,Østlandet (Uten Oslo),Transport,Transport og formidling,241401216,291.0,248.7,3,3
2021,Akershus,Nannestad,Østlandet (Uten Oslo),Transport,Transport og formidling,251785957,303.0,261.3,3,3
2015,Akershus,Nannestad,Østlandet (Uten Oslo),Transport,Transport og formidling,198402688,81.0,211.4,3,3
2018,Akershus,Nannestad,Østlandet (Uten Oslo),Transport,Transport og formidling,215842884,282.0,217.5,3,3
2022,Akershus,Nannestad,Østlandet (Uten Oslo),Transport,Transport og formidling,257480278,305.0,261.4,3,3
2017,Akershus,Nannestad,Østlandet (Uten Oslo),Transport,Transport og formidling,209156823,269.0,220.8,3,3
2016,Akershus,Nannestad,Østlandet (Uten Oslo),Transport,Transport og formidling,199850652,260.0,212.4,3,3
2015,Akershus,Ås,Østlandet (Uten Oslo),Kultur og underholdning,Reiseliv ellers,173235119,95.0,130.2,3,3
2022,Akershus,Ås,Østlandet (Uten Oslo),Kultur og underholdning,Reiseliv ellers,194319456,814.0,172.90000000000003,12,12
2018,Akershus,Ås,Østlandet (Uten Oslo),Kultur og underholdning,Reiseliv ellers,168104296,137.0,176.0,8,7
2019,Akershus,Ås,Østlandet (Uten Oslo),Kultur og underholdning,Reiseliv ellers,154925358,119.0,154.29999999999998,8,6
2020,Akershus,Ås,Østlandet (Uten Oslo),Kultur og underholdning,Reiseliv ellers,107683747,777.0,134.50000000000003,7,7
2016,Akershus,Ås,Østlandet (Uten Oslo),Kultur og underholdning,Reiseliv ellers,172016455,128.0,143.1,6,6
2017,Akershus,Ås,Østlandet (Uten Oslo),Kultur og underholdning,Reiseliv ellers,171167563,164.0,156.69999999999996,8,7
2022,Akershus,Nes,Østlandet (Uten Oslo),Kultur og underholdning,Reiseliv ellers,11093796,22.0,8.2,17,14
2021,Akershus,Asker,Østlandet (Uten Oslo),Overnattingsvirksomhet,Reiseliv ellers,80107068,253.0,128.7,7,7
2022,Akershus,Nannestad,Østlandet (Uten Oslo),Kultur og underholdning,Reiseliv ellers,7989886,42.0,3.6,6,6
2018,Akershus,Asker,Østlandet (Uten Oslo),Overnattingsvirksomhet,Reiseliv ellers,133755293,383.0,242.8,7,6
2019,Akershus,Asker,Østlandet (Uten Oslo),Overnattingsvirksomhet,Reiseliv ellers,133767602,408.0,237.2,6,6
2017,Akershus,Asker,Østlandet (Uten Oslo),Overnattingsvirksomhet,Reiseliv ellers,135295647,371.0,245.90000000000003,6,6
2015,Akershus,Asker,Østlandet (Uten Oslo),Overnattingsvirksomhet,Reiseliv ellers,191932438,382.0,320.5,7,6
2016,Akershus,Asker,Østlandet (Uten Oslo),Overnattingsvirksomhet,Reiseliv ellers,124649064,395.0,227.5,6,5
2024,Akershus,Enebakk,Østlandet (Uten Oslo),Serveringsvirksomhet,Reiseliv ellers,5911000,19.0,7.8,6,6
2017,Akershus,Enebakk,Østlandet (Uten Oslo),Serveringsvirksomhet,Reiseliv ellers,4278998,15.0,5.300000000000001,4,3
2022,Akershus,Enebakk,Østlandet (Uten Oslo),Serveringsvirksomhet,Reiseliv ellers,5758507,28.0,10.5,3,3
2015,Akershus,Enebakk,Østlandet (Uten Oslo),Serveringsvirksomhet,Reiseliv ellers,7644592,43.0,11.6,4,4
2018,Akershus,Enebakk,Østlandet (Uten Oslo),Serveringsvirksomhet,Reiseliv ellers,4142339,17.0,5.7,3,2
2023,Akershus,Enebakk,Østlandet (Uten Oslo),Serveringsvirksomhet,Reiseliv ellers,5195554,17.0,8.6,5,4
2020,Akershus,Enebakk,Østlandet (Uten Oslo),Serveringsvirksomhet,Reiseliv ellers,4228284,19.0,6.4,4,3
2021,Akershus,Enebakk,Østlandet (Uten Oslo),Serveringsvirksomhet,Reiseliv ellers,5233527,22.0,9.6,4,4
2016,Akershus,Enebakk,Østlandet (Uten Oslo),Serveringsvirksomhet,Reiseliv ellers,6730292,25.0,11.4,4,3
2019,Akershus,Enebakk,Østlandet (Uten Oslo),Serveringsvirksomhet,Reiseliv ellers,3787342,14.0,6.8,3,2
2022,Akershus,Enebakk,Østlandet (Uten Oslo),Kultur og underholdning,Reiseliv ellers,1331646,4.0,1.2000000000000002,6,5
2023,Akershus,Nittedal,Østlandet (Uten Oslo),Transport,Transport og formidling,102727678,123.0,118.1,3,2
2022,Akershus,Nittedal,Østlandet (Uten Oslo),Kultur og underholdning,Reiseliv ellers,28903510,49.0,44.9,8,8
2020,Akershus,Ullensaker,Østlandet (Uten Oslo),Transport,Transport og formidling,1038898441,2016.0,2236.5,11,10
2021,Akershus,Ullensaker,Østlandet (Uten Oslo),Transport,Transport og formidling,3965091729,1816.0,1585.3,12,9
2019,Akershus,Ullensaker,Østlandet (Uten Oslo),Transport,Transport og formidling,3020938765,1919.0,3789.0,11,11
2016,Akershus,Nittedal,Østlandet (Uten Oslo),Serveringsvirksomhet,Reiseliv ellers,35268592,189.0,57.7,15,13
2018,Akershus,Nittedal,Østlandet (Uten Oslo),Serveringsvirksomhet,Reiseliv ellers,38597331,203.0,62.99999999999999,14,11
2019,Akershus,Nittedal,Østlandet (Uten Oslo),Serveringsvirksomhet,Reiseliv ellers,39654356,221.0,63.2,17,14
2021,Akershus,Nittedal,Østlandet (Uten Oslo),Serveringsvirksomhet,Reiseliv ellers,46916492,187.0,66.6,23,19
2015,Akershus,Nittedal,Østlandet (Uten Oslo),Serveringsvirksomhet,Reiseliv ellers,32053313,156.0,56.1,14,11
2020,Akershus,Nittedal,Østlandet (Uten Oslo),Serveringsvirksomhet,Reiseliv ellers,33158275,256.0,68.6,23,20
2017,Akershus,Nittedal,Østlandet (Uten Oslo),Serveringsvirksomhet,Reiseliv ellers,37096475,192.0,64.39999999999999,13,11
2018,Akershus,Nittedal,Østlandet (Uten Oslo),Kultur og underholdning,Reiseliv ellers,11784897,30.0,18.0,6,5
2017,Akershus,Nittedal,Østlandet (Uten Oslo),Kultur og underholdning,Reiseliv ellers,11407286,39.0,17.6,5,5
2015,Akershus,Nittedal,Østlandet (Uten Oslo),Kultur og underholdning,Reiseliv ellers,12629208,34.0,19.2,4,4
2016,Akershus,Nittedal,Østlandet (Uten Oslo),Kultur og underholdning,Reiseliv ellers,12759056,25.0,19.7,5,5
2020,Akershus,Asker,Østlandet (Uten Oslo),Overnattingsvirksomhet,Reiseliv ellers,30969719,282.0,120.8,6,6
2024,Akershus,Asker,Østlandet (Uten Oslo),Overnattingsvirksomhet,Reiseliv ellers,119571000,326.0,194.7,18,15
2022,Akershus,Asker,Østlandet (Uten Oslo),Overnattingsvirksomhet,Reiseliv ellers,140250622,371.0,219.6,11,9
2023,Akershus,Asker,Østlandet (Uten Oslo),Overnattingsvirksomhet,Reiseliv ellers,124723224,322.0,204.6,16,11
2024,Akershus,Bærum,Østlandet (Uten Oslo),Overnattingsvirksomhet,Reiseliv ellers,247510000,467.0,363.6,19,14
2021,Akershus,Nordre Follo,Østlandet (Uten Oslo),Transport,Transport og formidling,100107945,187.0,110.3,7,6
2015,Akershus,Gjerdrum,Østlandet (Uten Oslo),Kultur og underholdning,Reiseliv ellers,4813608,28.0,6.4,2,2
2015,Akershus,Nordre Follo,Østlandet (Uten Oslo),Overnattingsvirksomhet,Reiseliv ellers,66221513,180.0,118.5,5,5
2016,Akershus,Nordre Follo,Østlandet (Uten Oslo),Overnattingsvirksomhet,Reiseliv ellers,64201507,174.0,119.5,4,4
2017,Akershus,Nordre Follo,Østlandet (Uten Oslo),Overnattingsvirksomhet,Reiseliv ellers,66774674,196.0,126.5,5,5
2024,Akershus,Nordre Follo,Østlandet (Uten Oslo),Overnattingsvirksomhet,Reiseliv ellers,66711000,175.0,96.5,5,5
2021,Akershus,Nannestad,Østlandet (Uten Oslo),Formidling,Transport og formidling,9205,,0.0,3,1
2022,Akershus,Nannestad,Østlandet (Uten Oslo),Formidling,Transport og formidling,19582,,0.0,3,2
2024,Akershus,Nittedal,Østlandet (Uten Oslo),Transport,Transport og formidling,73159000,129.0,83.10000000000001,3,2
2021,Akershus,Jevnaker,Østlandet (Uten Oslo),Overnattingsvirksomhet,Reiseliv ellers,14900831,56.0,22.1,2,2
2018,Akershus,Aurskog-Høland,Østlandet (Uten Oslo),Kultur og underholdning,Reiseliv ellers,6731760,4.0,4.6,11,11
2019,Akershus,Aurskog-Høland,Østlandet (Uten Oslo),Kultur og underholdning,Reiseliv ellers,5227036,6.0,5.5,10,10
2015,Akershus,Aurskog-Høland,Østlandet (Uten Oslo),Kultur og underholdning,Reiseliv ellers,7591152,7.0,2.0,9,9
2017,Akershus,Aurskog-Høland,Østlandet (Uten Oslo),Kultur og underholdning,Reiseliv ellers,4648771,8.0,2.3000000000000003,8,8
2021,Akershus,Aurskog-Høland,Østlandet (Uten Oslo),Kultur og underholdning,Reiseliv ellers,3486715,4.0,5.4,11,11
2023,Akershus,Aurskog-Høland,Østlandet (Uten Oslo),Kultur og underholdning,Reiseliv ellers,1885448,4.0,3.1,10,8
2016,Akershus,Aurskog-Høland,Østlandet (Uten Oslo),Kultur og underholdning,Reiseliv ellers,3720423,7.0,2.3000000000000003,8,8
2020,Akershus,Aurskog-Høland,Østlandet (Uten Oslo),Kultur og underholdning,Reiseliv ellers,4854606,6.0,4.9,10,10
2022,Akershus,Aurskog-Høland,Østlandet (Uten Oslo),Kultur og underholdning,Reiseliv ellers,2766649,3.0,2.2,10,10
2024,Akershus,Nordre Follo,Østlandet (Uten Oslo),Formidling,Transport og formidling,27133000,41.0,37.00000000000001,21,15
2021,Akershus,Frogn,Østlandet (Uten Oslo),Formidling,Transport og formidling,670875,9.0,1.6,7,5
2022,Akershus,Frogn,Østlandet (Uten Oslo),Formidling,Transport og formidling,30462,2.0,3.1,5,3
2020,Akershus,Enebakk,Østlandet (Uten Oslo),Kultur og underholdning,Reiseliv ellers,381032,4.0,1.3,4,4
2021,Akershus,Enebakk,Østlandet (Uten Oslo),Kultur og underholdning,Reiseliv ellers,1994217,5.0,2.9,6,4
2019,Akershus,Enebakk,Østlandet (Uten Oslo),Kultur og underholdning,Reiseliv ellers,30144,2.0,0.1,3,2
2018,Akershus,Enebakk,Østlandet (Uten Oslo),Kultur og underholdning,Reiseliv ellers,0,0.0,0.0,2,2
2021,Akershus,Eidsvoll,Østlandet (Uten Oslo),Kultur og underholdning,Reiseliv ellers,17109084,39.0,28.3,10,8
2015,Akershus,Nes,Østlandet (Uten Oslo),Overnattingsvirksomhet,Reiseliv ellers,2396784,27.0,4.1,2,2
2016,Akershus,Nes,Østlandet (Uten Oslo),Overnattingsvirksomhet,Reiseliv ellers,2334130,20.0,3.7,2,2
2018,Akershus,Nes,Østlandet (Uten Oslo),Overnattingsvirksomhet,Reiseliv ellers,2843313,29.0,5.0,2,2
2017,Akershus,Nes,Østlandet (Uten Oslo),Overnattingsvirksomhet,Reiseliv ellers,2945531,24.0,4.800000000000001,2,2
2015,Akershus,Aurskog-Høland,Østlandet (Uten Oslo),Serveringsvirksomhet,Reiseliv ellers,5599176,33.0,9.4,5,4
2017,Akershus,Nesodden,Østlandet (Uten Oslo),Transport,Transport og formidling,2145198,12.0,2.7,3,2
2022,Akershus,Nesodden,Østlandet (Uten Oslo),Transport,Transport og formidling,7715724,17.0,3.4000000000000004,4,4
2016,Akershus,Nesodden,Østlandet (Uten Oslo),Transport,Transport og formidling,2697791,16.0,1.8,3,2
2018,Akershus,Nesodden,Østlandet (Uten Oslo),Transport,Transport og formidling,2685556,10.0,2.8000000000000003,3,2
2021,Akershus,Nesodden,Østlandet (Uten Oslo),Transport,Transport og formidling,3050590,9.0,1.5,3,3
2015,Akershus,Nesodden,Østlandet (Uten Oslo),Transport,Transport og formidling,3442872,19.0,2.9,4,4
2020,Akershus,Nesodden,Østlandet (Uten Oslo),Transport,Transport og formidling,2437425,7.0,1.7,3,3
2019,Akershus,Nesodden,Østlandet (Uten Oslo),Transport,Transport og formidling,3815075,9.0,3.0,2,2
2024,Akershus,Nes,Østlandet (Uten Oslo),Kultur og underholdning,Reiseliv ellers,14174000,28.0,16.599999999999998,16,13
2016,Akershus,Aurskog-Høland,Østlandet (Uten Oslo),Formidling,Transport og formidling,933651,2.0,0.5,4,4
2015,Akershus,Aurskog-Høland,Østlandet (Uten Oslo),Formidling,Transport og formidling,410152,1.0,0.2,4,3
2021,Akershus,Nes,Østlandet (Uten Oslo),Kultur og underholdning,Reiseliv ellers,13545265,22.0,8.1,16,12
2015,Akershus,Nannestad,Østlandet (Uten Oslo),Serveringsvirksomhet,Reiseliv ellers,4431512,33.0,9.6,7,5
2016,Akershus,Nannestad,Østlandet (Uten Oslo),Serveringsvirksomhet,Reiseliv ellers,6940492,54.0,14.099999999999998,7,4
2024,Akershus,Rælingen,Østlandet (Uten Oslo),Overnattingsvirksomhet,Reiseliv ellers,0,,0.0,1,0
2024,Akershus,Rælingen,Østlandet (Uten Oslo),Kultur og underholdning,Reiseliv ellers,553000,2.0,0.8,2,2
2015,Akershus,Nes,Østlandet (Uten Oslo),Kultur og underholdning,Reiseliv ellers,4522360,9.0,3.6,9,8
2020,Akershus,Nes,Østlandet (Uten Oslo),Kultur og underholdning,Reiseliv ellers,9243639,21.0,6.4,12,10
2019,Akershus,Nes,Østlandet (Uten Oslo),Kultur og underholdning,Reiseliv ellers,6505157,20.0,7.0,12,10
2016,Akershus,Nes,Østlandet (Uten Oslo),Kultur og underholdning,Reiseliv ellers,4412924,14.0,3.8,9,6
2017,Akershus,Nes,Østlandet (Uten Oslo),Kultur og underholdning,Reiseliv ellers,9434309,18.0,6.6,11,9
2018,Akershus,Nes,Østlandet (Uten Oslo),Kultur og underholdning,Reiseliv ellers,5547354,14.0,6.9,12,10
2021,Akershus,Ås,Østlandet (Uten Oslo),Serveringsvirksomhet,Reiseliv ellers,70316631,239.0,109.69999999999996,27,23
2018,Akershus,Lørenskog,Østlandet (Uten Oslo),Kultur og underholdning,Reiseliv ellers,24349953,103.0,59.6,12,10
2020,Akershus,Asker,Østlandet (Uten Oslo),Transport,Transport og formidling,169314788,292.0,165.99999999999997,16,14
2019,Akershus,Asker,Østlandet (Uten Oslo),Transport,Transport og formidling,176938005,273.0,171.50000000000003,13,10
2016,Akershus,Asker,Østlandet (Uten Oslo),Transport,Transport og formidling,166531891,265.0,163.79999999999998,13,9
2017,Akershus,Asker,Østlandet (Uten Oslo),Transport,Transport og formidling,163552996,270.0,164.1,13,9
2015,Akershus,Asker,Østlandet (Uten Oslo),Transport,Transport og formidling,165089527,30.0,164.90000000000003,10,8
2018,Akershus,Asker,Østlandet (Uten Oslo),Transport,Transport og formidling,178263566,273.0,168.1,12,9
2023,Akershus,Asker,Østlandet (Uten Oslo),Transport,Transport og formidling,225340722,349.0,199.80000000000004,20,15
2024,Akershus,Asker,Østlandet (Uten Oslo),Transport,Transport og formidling,236610000,347.0,196.4,20,17
2019,Akershus,Frogn,Østlandet (Uten Oslo),Overnattingsvirksomhet,Reiseliv ellers,30789493,172.0,53.9,3,3
2015,Akershus,Frogn,Østlandet (Uten Oslo),Overnattingsvirksomhet,Reiseliv ellers,17810216,51.0,31.0,2,1
2020,Akershus,Frogn,Østlandet (Uten Oslo),Overnattingsvirksomhet,Reiseliv ellers,16734530,78.0,40.7,3,3
2016,Akershus,Frogn,Østlandet (Uten Oslo),Overnattingsvirksomhet,Reiseliv ellers,24846247,100.0,51.0,2,2
2017,Akershus,Frogn,Østlandet (Uten Oslo),Overnattingsvirksomhet,Reiseliv ellers,27098639,132.0,47.8,2,2
2018,Akershus,Frogn,Østlandet (Uten Oslo),Overnattingsvirksomhet,Reiseliv ellers,28942147,96.0,51.7,3,3
2021,Akershus,Frogn,Østlandet (Uten Oslo),Overnattingsvirksomhet,Reiseliv ellers,30447221,58.0,47.3,4,4
2022,Akershus,Lørenskog,Østlandet (Uten Oslo),Kultur og underholdning,Reiseliv ellers,28684830,365.0,109.7,13,11
2022,Akershus,Ås,Østlandet (Uten Oslo),Serveringsvirksomhet,Reiseliv ellers,73254784,332.0,116.59999999999998,25,23
2015,Akershus,Jevnaker,Østlandet (Uten Oslo),Kultur og underholdning,Reiseliv ellers,4812272,20.0,8.5,2,2
2023,Akershus,Jevnaker,Østlandet (Uten Oslo),Kultur og underholdning,Reiseliv ellers,33264955,21.0,26.9,6,4
2024,Akershus,Jevnaker,Østlandet (Uten Oslo),Kultur og underholdning,Reiseliv ellers,52835000,56.0,28.8,6,4
2022,Akershus,Jevnaker,Østlandet (Uten Oslo),Kultur og underholdning,Reiseliv ellers,77642489,37.0,26.9,5,3
2021,Akershus,Jevnaker,Østlandet (Uten Oslo),Kultur og underholdning,Reiseliv ellers,41588610,39.0,26.6,4,3
2019,Akershus,Nesodden,Østlandet (Uten Oslo),Formidling,Transport og formidling,2571919,4.0,3.1,5,5
2016,Akershus,Nesodden,Østlandet (Uten Oslo),Formidling,Transport og formidling,1013605,6.0,1.3,4,3
2020,Akershus,Nesodden,Østlandet (Uten Oslo),Formidling,Transport og formidling,1095471,4.0,1.1,7,5
2018,Akershus,Nesodden,Østlandet (Uten Oslo),Formidling,Transport og formidling,2540125,11.0,3.4,6,3
2017,Akershus,Nesodden,Østlandet (Uten Oslo),Formidling,Transport og formidling,2250304,5.0,2.3,6,3
2017,Akershus,Lunner,Østlandet (Uten Oslo),Formidling,Transport og formidling,2147730,18.0,2.6,2,2
2015,Akershus,Lunner,Østlandet (Uten Oslo),Formidling,Transport og formidling,2082824,11.0,3.6,2,2
2016,Akershus,Lunner,Østlandet (Uten Oslo),Formidling,Transport og formidling,1819590,13.0,2.8,2,2
2018,Akershus,Vestby,Østlandet (Uten Oslo),Transport,Transport og formidling,81948319,135.0,81.5,2,2
2015,Akershus,Vestby,Østlandet (Uten Oslo),Transport,Transport og formidling,70991034,144.0,70.7,2,2
2019,Akershus,Vestby,Østlandet (Uten Oslo),Transport,Transport og formidling,81704600,132.0,81.1,3,2
2021,Akershus,Vestby,Østlandet (Uten Oslo),Transport,Transport og formidling,69162456,126.0,76.39999999999999,5,3
2020,Akershus,Vestby,Østlandet (Uten Oslo),Transport,Transport og formidling,56741900,128.0,63.9,3,2
2022,Akershus,Vestby,Østlandet (Uten Oslo),Transport,Transport og formidling,76638313,139.0,72.8,6,4
2017,Akershus,Vestby,Østlandet (Uten Oslo),Transport,Transport og formidling,84769520,120.0,82.6,2,2
2016,Akershus,Vestby,Østlandet (Uten Oslo),Transport,Transport og formidling,92904878,179.0,93.3,2,2
2022,Akershus,Nannestad,Østlandet (Uten Oslo),Overnattingsvirksomhet,Reiseliv ellers,80206783,165.0,105.6,3,3
2024,Akershus,Nannestad,Østlandet (Uten Oslo),Overnattingsvirksomhet,Reiseliv ellers,71869000,163.0,96.6,5,4
2017,Akershus,Nannestad,Østlandet (Uten Oslo),Overnattingsvirksomhet,Reiseliv ellers,65919888,193.0,110.3,3,3
2015,Akershus,Nannestad,Østlandet (Uten Oslo),Overnattingsvirksomhet,Reiseliv ellers,36038600,129.0,66.8,3,3
2020,Akershus,Nannestad,Østlandet (Uten Oslo),Overnattingsvirksomhet,Reiseliv ellers,26122253,146.0,69.3,3,3
2019,Akershus,Nannestad,Østlandet (Uten Oslo),Overnattingsvirksomhet,Reiseliv ellers,69748123,166.0,110.8,3,3
2018,Akershus,Nannestad,Østlandet (Uten Oslo),Overnattingsvirksomhet,Reiseliv ellers,67581388,156.0,113.1,3,3
2021,Akershus,Nannestad,Østlandet (Uten Oslo),Overnattingsvirksomhet,Reiseliv ellers,45433208,114.0,70.3,3,3
2016,Akershus,Nannestad,Østlandet (Uten Oslo),Overnattingsvirksomhet,Reiseliv ellers,56378944,185.0,97.6,3,3
2023,Akershus,Nannestad,Østlandet (Uten Oslo),Overnattingsvirksomhet,Reiseliv ellers,73447010,165.0,101.6,6,4
2015,Akershus,Gjerdrum,Østlandet (Uten Oslo),Serveringsvirksomhet,Reiseliv ellers,2106872,24.0,4.4,3,2
2016,Akershus,Gjerdrum,Østlandet (Uten Oslo),Serveringsvirksomhet,Reiseliv ellers,1924045,21.0,4.1,3,2
2017,Akershus,Vestby,Østlandet (Uten Oslo),Formidling,Transport og formidling,2333883,3.0,2.1,7,4
2016,Akershus,Vestby,Østlandet (Uten Oslo),Formidling,Transport og formidling,2278677,3.0,1.6,7,5
2017,Akershus,Aurskog-Høland,Østlandet (Uten Oslo),Formidling,Transport og formidling,1553810,2.0,0.7,4,4
2018,Akershus,Aurskog-Høland,Østlandet (Uten Oslo),Formidling,Transport og formidling,1344626,1.0,0.1,3,3
2020,Akershus,Eidsvoll,Østlandet (Uten Oslo),Kultur og underholdning,Reiseliv ellers,15740271,44.0,25.0,6,4
2016,Akershus,Eidsvoll,Østlandet (Uten Oslo),Kultur og underholdning,Reiseliv ellers,31532695,56.0,37.7,4,4
2017,Akershus,Eidsvoll,Østlandet (Uten Oslo),Kultur og underholdning,Reiseliv ellers,32599667,32.0,31.3,4,4
2018,Akershus,Eidsvoll,Østlandet (Uten Oslo),Kultur og underholdning,Reiseliv ellers,27707210,43.0,34.900000000000006,4,4
2015,Akershus,Eidsvoll,Østlandet (Uten Oslo),Kultur og underholdning,Reiseliv ellers,31246368,54.0,35.6,5,5
2023,Akershus,Jevnaker,Østlandet (Uten Oslo),Formidling,Transport og formidling,88654,0.0,0.0,3,1
2024,Akershus,Jevnaker,Østlandet (Uten Oslo),Formidling,Transport og formidling,537000,1.0,0.7,3,3
2016,Akershus,Nesodden,Østlandet (Uten Oslo),Overnattingsvirksomhet,Reiseliv ellers,0,0.0,0.0,1,0
2015,Akershus,Nesodden,Østlandet (Uten Oslo),Overnattingsvirksomhet,Reiseliv ellers,0,0.0,0.0,1,0
2024,Akershus,Aurskog-Høland,Østlandet (Uten Oslo),Formidling,Transport og formidling,55000,0.0,0.0,2,2
2020,Akershus,Aurskog-Høland,Østlandet (Uten Oslo),Formidling,Transport og formidling,0,1.0,0.0,2,2
2021,Akershus,Aurskog-Høland,Østlandet (Uten Oslo),Formidling,Transport og formidling,12658,1.0,0.0,2,2
2019,Akershus,Aurskog-Høland,Østlandet (Uten Oslo),Formidling,Transport og formidling,306267,1.0,0.0,2,2
2022,Akershus,Aurskog-Høland,Østlandet (Uten Oslo),Formidling,Transport og formidling,82684,0.0,0.0,2,2
2023,Akershus,Aurskog-Høland,Østlandet (Uten Oslo),Formidling,Transport og formidling,47419,0.0,0.0,2,2
2021,Akershus,Nannestad,Østlandet (Uten Oslo),Kultur og underholdning,Reiseliv ellers,7958462,30.0,2.5,5,5
2016,Akershus,Nannestad,Østlandet (Uten Oslo),Kultur og underholdning,Reiseliv ellers,1413373,10.0,2.2,4,3
2018,Akershus,Nannestad,Østlandet (Uten Oslo),Kultur og underholdning,Reiseliv ellers,2859334,13.0,3.1,5,4
2019,Akershus,Nannestad,Østlandet (Uten Oslo),Kultur og underholdning,Reiseliv ellers,2984294,20.0,3.1,5,4
2020,Akershus,Nannestad,Østlandet (Uten Oslo),Kultur og underholdning,Reiseliv ellers,3033981,15.0,1.6,5,4
2017,Akershus,Nannestad,Østlandet (Uten Oslo),Kultur og underholdning,Reiseliv ellers,1365125,9.0,1.8,5,4
2018,Akershus,Ås,Østlandet (Uten Oslo),Serveringsvirksomhet,Reiseliv ellers,49858429,217.0,80.70000000000002,15,14
2024,Akershus,Lørenskog,Østlandet (Uten Oslo),Transport,Transport og formidling,136763277,225.0,86.0,20,15
2018,Akershus,Vestby,Østlandet (Uten Oslo),Formidling,Transport og formidling,4025253,9.0,2.8,7,6
2017,Akershus,Hurdal,Østlandet (Uten Oslo),Formidling,Transport og formidling,13929,0.0,0.0,1,1
2019,Akershus,Hurdal,Østlandet (Uten Oslo),Formidling,Transport og formidling,20498,0.0,0.0,1,1
2015,Akershus,Hurdal,Østlandet (Uten Oslo),Formidling,Transport og formidling,0,1.0,0.0,1,0
2020,Akershus,Hurdal,Østlandet (Uten Oslo),Formidling,Transport og formidling,0,0.0,0.0,1,0
2016,Akershus,Hurdal,Østlandet (Uten Oslo),Formidling,Transport og formidling,23212,0.0,0.0,1,1
2018,Akershus,Hurdal,Østlandet (Uten Oslo),Formidling,Transport og formidling,0,0.0,0.0,1,1
2021,Akershus,Rælingen,Østlandet (Uten Oslo),Kultur og underholdning,Reiseliv ellers,444182,1.0,0.5,1,1
2023,Akershus,Rælingen,Østlandet (Uten Oslo),Kultur og underholdning,Reiseliv ellers,389666,4.0,0.9,1,1
2024,Akershus,Nesodden,Østlandet (Uten Oslo),Formidling,Transport og formidling,177000,1.0,1.3,10,5
2019,Akershus,Lørenskog,Østlandet (Uten Oslo),Formidling,Transport og formidling,8240273,14.0,10.5,5,4
2018,Akershus,Lørenskog,Østlandet (Uten Oslo),Formidling,Transport og formidling,28105298,18.0,8.6,5,4
2016,Akershus,Lørenskog,Østlandet (Uten Oslo),Formidling,Transport og formidling,8597597,19.0,9.9,6,4
2017,Akershus,Lørenskog,Østlandet (Uten Oslo),Formidling,Transport og formidling,7570244,22.0,8.3,6,4
2015,Akershus,Lørenskog,Østlandet (Uten Oslo),Formidling,Transport og formidling,7746128,26.0,9.3,5,4
2024,Akershus,Nannestad,Østlandet (Uten Oslo),Kultur og underholdning,Reiseliv ellers,3003000,57.0,3.2,6,6
2021,Akershus,Hurdal,Østlandet (Uten Oslo),Kultur og underholdning,Reiseliv ellers,3421126,15.0,1.6,2,2
2017,Akershus,Hurdal,Østlandet (Uten Oslo),Kultur og underholdning,Reiseliv ellers,0,1.0,4.5,2,2
2018,Akershus,Hurdal,Østlandet (Uten Oslo),Kultur og underholdning,Reiseliv ellers,2297328,0.0,3.6,2,2
2020,Akershus,Hurdal,Østlandet (Uten Oslo),Kultur og underholdning,Reiseliv ellers,10716,0.0,1.2,2,2
2016,Akershus,Hurdal,Østlandet (Uten Oslo),Kultur og underholdning,Reiseliv ellers,4525119,38.0,6.0,3,3
2019,Akershus,Hurdal,Østlandet (Uten Oslo),Kultur og underholdning,Reiseliv ellers,153133,23.0,2.6,2,2
2022,Akershus,Hurdal,Østlandet (Uten Oslo),Kultur og underholdning,Reiseliv ellers,558117,19.0,1.4,2,2
2015,Akershus,Hurdal,Østlandet (Uten Oslo),Kultur og underholdning,Reiseliv ellers,2324640,16.0,4.4,3,3
2015,Akershus,Ullensaker,Østlandet (Uten Oslo),Formidling,Transport og formidling,17095456,19.0,16.8,9,9
2024,Akershus,Vestby,Østlandet (Uten Oslo),Formidling,Transport og formidling,6023000,2.0,3.7,5,5
2024,Akershus,Enebakk,Østlandet (Uten Oslo),Formidling,Transport og formidling,100000,,0.0,2,1
2019,Akershus,Enebakk,Østlandet (Uten Oslo),Formidling,Transport og formidling,184483,0.0,0.0,2,1
2023,Akershus,Enebakk,Østlandet (Uten Oslo),Formidling,Transport og formidling,26802,,0.0,2,1
2016,Akershus,Enebakk,Østlandet (Uten Oslo),Formidling,Transport og formidling,0,0.0,0.0,1,0
2021,Akershus,Enebakk,Østlandet (Uten Oslo),Formidling,Transport og formidling,164554,,0.0,2,1
2022,Akershus,Enebakk,Østlandet (Uten Oslo),Formidling,Transport og formidling,65276,,0.1,2,1
2015,Akershus,Enebakk,Østlandet (Uten Oslo),Formidling,Transport og formidling,0,0.0,0.0,1,0
2018,Akershus,Enebakk,Østlandet (Uten Oslo),Formidling,Transport og formidling,0,0.0,0.0,1,0
2020,Akershus,Enebakk,Østlandet (Uten Oslo),Formidling,Transport og formidling,69062,,0.0,2,1
2017,Akershus,Enebakk,Østlandet (Uten Oslo),Formidling,Transport og formidling,0,0.0,0.0,1,0
2023,Akershus,Enebakk,Østlandet (Uten Oslo),Transport,Transport og formidling,71236839,104.0,67.0,2,2
2024,Akershus,Enebakk,Østlandet (Uten Oslo),Transport,Transport og formidling,70870000,100.0,63.4,2,2
2015,Akershus,Hurdal,Østlandet (Uten Oslo),Overnattingsvirksomhet,Reiseliv ellers,43112721,119.0,64.6,2,2
2016,Akershus,Hurdal,Østlandet (Uten Oslo),Overnattingsvirksomhet,Reiseliv ellers,43244619,55.0,54.1,2,2
2024,Akershus,Hurdal,Østlandet (Uten Oslo),Overnattingsvirksomhet,Reiseliv ellers,36675000,101.0,57.1,1,1
2016,Akershus,Enebakk,Østlandet (Uten Oslo),Transport,Transport og formidling,67408682,103.0,66.60000000000001,2,2
2015,Akershus,Enebakk,Østlandet (Uten Oslo),Transport,Transport og formidling,69119299,5.0,67.4,2,2
2020,Akershus,Enebakk,Østlandet (Uten Oslo),Transport,Transport og formidling,67435854,111.0,66.8,2,2
2017,Akershus,Enebakk,Østlandet (Uten Oslo),Transport,Transport og formidling,66119972,99.0,66.80000000000001,2,2
2018,Akershus,Enebakk,Østlandet (Uten Oslo),Transport,Transport og formidling,71227041,102.0,68.3,3,3
2022,Akershus,Enebakk,Østlandet (Uten Oslo),Transport,Transport og formidling,67732371,100.0,64.5,3,3
2019,Akershus,Enebakk,Østlandet (Uten Oslo),Transport,Transport og formidling,71717156,111.0,68.8,3,3
2021,Akershus,Enebakk,Østlandet (Uten Oslo),Transport,Transport og formidling,76033478,123.0,73.0,3,3
2022,Akershus,Lillestrøm,Østlandet (Uten Oslo),Transport,Transport og formidling,103407269,136.0,93.5,11,9
2024,Akershus,Gjerdrum,Østlandet (Uten Oslo),Overnattingsvirksomhet,Reiseliv ellers,1744000,2.0,2.7,2,2
2023,Akershus,Gjerdrum,Østlandet (Uten Oslo),Overnattingsvirksomhet,Reiseliv ellers,1558665,3.0,2.9,2,2
2019,Akershus,Eidsvoll,Østlandet (Uten Oslo),Kultur og underholdning,Reiseliv ellers,16980946,47.0,28.2,6,4
2015,Akershus,Lørenskog,Østlandet (Uten Oslo),Kultur og underholdning,Reiseliv ellers,20708000,49.0,25.0,8,7
2017,Akershus,Ås,Østlandet (Uten Oslo),Serveringsvirksomhet,Reiseliv ellers,42112490,208.0,72.3,12,11
2019,Akershus,Ås,Østlandet (Uten Oslo),Serveringsvirksomhet,Reiseliv ellers,53833078,234.0,86.9,13,12
2023,Akershus,Hurdal,Østlandet (Uten Oslo),Kultur og underholdning,Reiseliv ellers,794795,6.0,1.5,2,2
2024,Akershus,Hurdal,Østlandet (Uten Oslo),Kultur og underholdning,Reiseliv ellers,984000,27.0,1.4,2,2
2016,Akershus,Gjerdrum,Østlandet (Uten Oslo),Overnattingsvirksomhet,Reiseliv ellers,5487143,22.0,10.9,1,1
2020,Akershus,Gjerdrum,Østlandet (Uten Oslo),Overnattingsvirksomhet,Reiseliv ellers,1977804,13.0,2.8,1,1
2021,Akershus,Gjerdrum,Østlandet (Uten Oslo),Overnattingsvirksomhet,Reiseliv ellers,2520103,9.0,1.8,1,1
2022,Akershus,Gjerdrum,Østlandet (Uten Oslo),Overnattingsvirksomhet,Reiseliv ellers,0,1.0,2.2,1,1
2017,Akershus,Gjerdrum,Østlandet (Uten Oslo),Overnattingsvirksomhet,Reiseliv ellers,6839560,16.0,11.5,1,1
2019,Akershus,Gjerdrum,Østlandet (Uten Oslo),Overnattingsvirksomhet,Reiseliv ellers,4368527,14.0,7.4,1,1
2018,Akershus,Gjerdrum,Østlandet (Uten Oslo),Overnattingsvirksomhet,Reiseliv ellers,6475409,8.0,9.5,1,1
2015,Akershus,Gjerdrum,Østlandet (Uten Oslo),Overnattingsvirksomhet,Reiseliv ellers,4921824,27.0,10.8,1,1
2024,Akershus,Nannestad,Østlandet (Uten Oslo),Serveringsvirksomhet,Reiseliv ellers,20851000,78.0,29.2,12,10
2018,Akershus,Lillestrøm,Østlandet (Uten Oslo),Transport,Transport og formidling,160551707,188.0,121.5,7,7
2015,Akershus,Lillestrøm,Østlandet (Uten Oslo),Transport,Transport og formidling,137692172,118.0,99.1,5,5
2021,Akershus,Lillestrøm,Østlandet (Uten Oslo),Transport,Transport og formidling,89571841,124.0,86.80000000000001,7,7
2016,Akershus,Lillestrøm,Østlandet (Uten Oslo),Transport,Transport og formidling,123053858,176.0,112.2,6,6
2017,Akershus,Lillestrøm,Østlandet (Uten Oslo),Transport,Transport og formidling,123876961,236.0,113.6,8,8
2019,Akershus,Lillestrøm,Østlandet (Uten Oslo),Transport,Transport og formidling,131331934,170.0,120.0,7,7
2020,Akershus,Lillestrøm,Østlandet (Uten Oslo),Transport,Transport og formidling,95752626,127.0,94.5,6,6
2020,Akershus,Vestby,Østlandet (Uten Oslo),Formidling,Transport og formidling,4036576,6.0,2.1,6,4
2019,Akershus,Vestby,Østlandet (Uten Oslo),Formidling,Transport og formidling,4140633,6.0,3.0,6,6
2021,Akershus,Nesodden,Østlandet (Uten Oslo),Formidling,Transport og formidling,2535062,1.0,2.0,7,5
2023,Akershus,Nes,Østlandet (Uten Oslo),Transport,Transport og formidling,56234671,86.0,53.0,5,5
2022,Akershus,Nes,Østlandet (Uten Oslo),Transport,Transport og formidling,51919048,81.0,51.8,5,5
2021,Akershus,Nes,Østlandet (Uten Oslo),Transport,Transport og formidling,49533265,88.0,46.9,5,5
2016,Akershus,Nes,Østlandet (Uten Oslo),Transport,Transport og formidling,42942858,71.0,42.0,4,4
2024,Akershus,Nes,Østlandet (Uten Oslo),Transport,Transport og formidling,52721000,75.0,47.1,4,4
2017,Akershus,Nes,Østlandet (Uten Oslo),Transport,Transport og formidling,41990923,70.0,42.3,4,4
2020,Akershus,Nes,Østlandet (Uten Oslo),Transport,Transport og formidling,42829397,81.0,43.1,5,5
2018,Akershus,Nes,Østlandet (Uten Oslo),Transport,Transport og formidling,45465904,73.0,43.20000000000001,4,4
2015,Akershus,Nes,Østlandet (Uten Oslo),Transport,Transport og formidling,42241649,6.0,42.0,4,4
2019,Akershus,Nes,Østlandet (Uten Oslo),Transport,Transport og formidling,46698505,82.0,44.60000000000001,4,4
2015,Akershus,Lunner,Østlandet (Uten Oslo),Serveringsvirksomhet,Reiseliv ellers,7156952,38.0,11.4,3,3
2016,Akershus,Lunner,Østlandet (Uten Oslo),Serveringsvirksomhet,Reiseliv ellers,8386107,53.0,14.5,3,3
2020,Akershus,Rælingen,Østlandet (Uten Oslo),Transport,Transport og formidling,0,0.0,0.0,1,0
2024,Akershus,Frogn,Østlandet (Uten Oslo),Formidling,Transport og formidling,1834000,2.0,4.6,5,3
2023,Akershus,Frogn,Østlandet (Uten Oslo),Formidling,Transport og formidling,5837783,6.0,5.300000000000001,6,3
2017,Akershus,Gjerdrum,Østlandet (Uten Oslo),Transport,Transport og formidling,4981823,1.0,3.8,1,1
2018,Akershus,Gjerdrum,Østlandet (Uten Oslo),Transport,Transport og formidling,4361719,1.0,3.2,1,1
2015,Akershus,Gjerdrum,Østlandet (Uten Oslo),Transport,Transport og formidling,6320616,8.0,4.3,1,1
2016,Akershus,Gjerdrum,Østlandet (Uten Oslo),Transport,Transport og formidling,4954548,1.0,3.9,1,1
2022,Akershus,Lunner,Østlandet (Uten Oslo),Kultur og underholdning,Reiseliv ellers,1116233,1.0,1.3,4,3
2024,Akershus,Lunner,Østlandet (Uten Oslo),Kultur og underholdning,Reiseliv ellers,1148000,1.0,1.3,4,4
2023,Akershus,Lunner,Østlandet (Uten Oslo),Kultur og underholdning,Reiseliv ellers,1611239,1.0,1.4,4,3
2022,Akershus,Jevnaker,Østlandet (Uten Oslo),Formidling,Transport og formidling,1007439,0.0,0.9,2,1
2021,Akershus,Lunner,Østlandet (Uten Oslo),Serveringsvirksomhet,Reiseliv ellers,10997545,50.0,19.9,7,6
2021,Akershus,Lørenskog,Østlandet (Uten Oslo),Overnattingsvirksomhet,Reiseliv ellers,32217047,152.0,63.6,5,4
2018,Akershus,Lørenskog,Østlandet (Uten Oslo),Overnattingsvirksomhet,Reiseliv ellers,66431491,189.0,113.0,5,4
2020,Akershus,Lørenskog,Østlandet (Uten Oslo),Overnattingsvirksomhet,Reiseliv ellers,21518888,180.0,72.3,5,4
2019,Akershus,Lørenskog,Østlandet (Uten Oslo),Overnattingsvirksomhet,Reiseliv ellers,74679747,198.0,110.7,5,4
2022,Akershus,Lørenskog,Østlandet (Uten Oslo),Overnattingsvirksomhet,Reiseliv ellers,47854475,172.0,94.7,6,3
2017,Akershus,Lørenskog,Østlandet (Uten Oslo),Overnattingsvirksomhet,Reiseliv ellers,52363603,206.0,116.2,5,4
2024,Akershus,Lørenskog,Østlandet (Uten Oslo),Overnattingsvirksomhet,Reiseliv ellers,51003000,241.0,137.0,5,3
2023,Akershus,Lørenskog,Østlandet (Uten Oslo),Overnattingsvirksomhet,Reiseliv ellers,56914010,252.0,154.2,5,3
2020,Akershus,Frogn,Østlandet (Uten Oslo),Formidling,Transport og formidling,515585,6.0,0.2,5,3
2015,Akershus,Vestby,Østlandet (Uten Oslo),Formidling,Transport og formidling,2259176,3.0,1.9,4,4
2020,Akershus,Lunner,Østlandet (Uten Oslo),Serveringsvirksomhet,Reiseliv ellers,9941411,44.0,17.7,6,6
2017,Akershus,Lunner,Østlandet (Uten Oslo),Serveringsvirksomhet,Reiseliv ellers,5479499,43.0,10.5,2,2
2018,Akershus,Lunner,Østlandet (Uten Oslo),Serveringsvirksomhet,Reiseliv ellers,6851312,29.0,12.0,5,5
2019,Akershus,Lunner,Østlandet (Uten Oslo),Serveringsvirksomhet,Reiseliv ellers,7972589,36.0,14.7,6,4
2024,Akershus,Jevnaker,Østlandet (Uten Oslo),Overnattingsvirksomhet,Reiseliv ellers,18684000,52.0,31.9,2,2
2023,Akershus,Jevnaker,Østlandet (Uten Oslo),Overnattingsvirksomhet,Reiseliv ellers,22133684,60.0,39.900000000000006,2,2
2019,Akershus,Nittedal,Østlandet (Uten Oslo),Transport,Transport og formidling,259241,0.0,0.1,1,1
2016,Akershus,Nittedal,Østlandet (Uten Oslo),Transport,Transport og formidling,2175513,9.0,2.0,1,1
2015,Akershus,Nittedal,Østlandet (Uten Oslo),Transport,Transport og formidling,1291912,10.0,0.8,1,1
2018,Akershus,Nittedal,Østlandet (Uten Oslo),Transport,Transport og formidling,0,2.0,0.2,1,1
2017,Akershus,Nittedal,Østlandet (Uten Oslo),Transport,Transport og formidling,1051071,2.0,0.9,1,1
2020,Akershus,Aurskog-Høland,Østlandet (Uten Oslo),Transport,Transport og formidling,57929059,92.0,57.5,2,1
2019,Akershus,Aurskog-Høland,Østlandet (Uten Oslo),Transport,Transport og formidling,61090650,91.0,59.0,2,1
2016,Akershus,Aurskog-Høland,Østlandet (Uten Oslo),Transport,Transport og formidling,57574381,86.0,56.5,2,1
2017,Akershus,Aurskog-Høland,Østlandet (Uten Oslo),Transport,Transport og formidling,56446319,83.0,56.9,2,1
2015,Akershus,Aurskog-Høland,Østlandet (Uten Oslo),Transport,Transport og formidling,56800042,2.0,56.6,2,1
2018,Akershus,Aurskog-Høland,Østlandet (Uten Oslo),Transport,Transport og formidling,60893994,85.0,58.3,2,1
2020,Akershus,Hurdal,Østlandet (Uten Oslo),Transport,Transport og formidling,581076,1.0,0.0,1,1
2015,Akershus,Hurdal,Østlandet (Uten Oslo),Transport,Transport og formidling,690712,1.0,0.0,1,1
2016,Akershus,Hurdal,Østlandet (Uten Oslo),Transport,Transport og formidling,717003,1.0,0.0,1,1
2019,Akershus,Hurdal,Østlandet (Uten Oslo),Transport,Transport og formidling,680057,1.0,0.0,1,1
2022,Akershus,Hurdal,Østlandet (Uten Oslo),Transport,Transport og formidling,360110,1.0,0.0,1,1
2018,Akershus,Hurdal,Østlandet (Uten Oslo),Transport,Transport og formidling,735786,1.0,0.0,1,1
2021,Akershus,Hurdal,Østlandet (Uten Oslo),Transport,Transport og formidling,486759,1.0,0.0,1,1
2017,Akershus,Hurdal,Østlandet (Uten Oslo),Transport,Transport og formidling,726885,1.0,0.0,1,1
2015,Akershus,Lørenskog,Østlandet (Uten Oslo),Overnattingsvirksomhet,Reiseliv ellers,55011137,192.0,106.1,4,4
2016,Akershus,Lørenskog,Østlandet (Uten Oslo),Overnattingsvirksomhet,Reiseliv ellers,39435213,181.0,107.1,4,4
2022,Akershus,Jevnaker,Østlandet (Uten Oslo),Transport,Transport og formidling,458026,1.0,0.5,1,1
2020,Akershus,Nannestad,Østlandet (Uten Oslo),Formidling,Transport og formidling,0,,0.0,1,0
2019,Akershus,Nannestad,Østlandet (Uten Oslo),Formidling,Transport og formidling,0,0.0,0.0,1,0
2015,Akershus,Nannestad,Østlandet (Uten Oslo),Kultur og underholdning,Reiseliv ellers,2224440,11.0,3.0,3,3
2023,Akershus,Jevnaker,Østlandet (Uten Oslo),Transport,Transport og formidling,430901,1.0,0.4,1,1
2024,Akershus,Jevnaker,Østlandet (Uten Oslo),Transport,Transport og formidling,322000,1.0,0.3,1,1
2021,Akershus,Jevnaker,Østlandet (Uten Oslo),Transport,Transport og formidling,119676,1.0,0.2,1,1
2020,Akershus,Gjerdrum,Østlandet (Uten Oslo),Formidling,Transport og formidling,0,0.0,0.0,1,0
2015,Akershus,Gjerdrum,Østlandet (Uten Oslo),Formidling,Transport og formidling,0,0.0,0.0,1,1
2023,Akershus,Gjerdrum,Østlandet (Uten Oslo),Formidling,Transport og formidling,0,0.0,0.0,1,1
2016,Akershus,Gjerdrum,Østlandet (Uten Oslo),Formidling,Transport og formidling,0,0.0,0.0,1,1
2021,Akershus,Gjerdrum,Østlandet (Uten Oslo),Formidling,Transport og formidling,0,0.0,0.0,2,0
2019,Akershus,Gjerdrum,Østlandet (Uten Oslo),Formidling,Transport og formidling,0,0.0,0.0,1,0
2022,Akershus,Gjerdrum,Østlandet (Uten Oslo),Formidling,Transport og formidling,0,0.0,0.0,1,0
2024,Akershus,Gjerdrum,Østlandet (Uten Oslo),Formidling,Transport og formidling,460000,0.0,0.4,1,1
2017,Akershus,Gjerdrum,Østlandet (Uten Oslo),Formidling,Transport og formidling,24060,0.0,0.0,1,1
2018,Akershus,Gjerdrum,Østlandet (Uten Oslo),Formidling,Transport og formidling,0,0.0,0.0,1,0
2021,Akershus,Vestby,Østlandet (Uten Oslo),Formidling,Transport og formidling,5986107,4.0,1.5,4,4
2022,Akershus,Jevnaker,Østlandet (Uten Oslo),Overnattingsvirksomhet,Reiseliv ellers,24682273,67.0,43.2,2,2
2022,Akershus,Ås,Østlandet (Uten Oslo),Overnattingsvirksomhet,Reiseliv ellers,605986,1.0,1.4,2,1
2024,Akershus,Ås,Østlandet (Uten Oslo),Overnattingsvirksomhet,Reiseliv ellers,131000,1.0,1.9,2,1
2023,Akershus,Ås,Østlandet (Uten Oslo),Overnattingsvirksomhet,Reiseliv ellers,0,,0.0,1,0
2015,Akershus,Lunner,Østlandet (Uten Oslo),Kultur og underholdning,Reiseliv ellers,56112,0.0,0.0,2,2
2021,Akershus,Ås,Østlandet (Uten Oslo),Overnattingsvirksomhet,Reiseliv ellers,588024,2.0,1.7,1,1
2015,Akershus,Ås,Østlandet (Uten Oslo),Overnattingsvirksomhet,Reiseliv ellers,331328,2.0,1.3,1,1
2019,Akershus,Ås,Østlandet (Uten Oslo),Overnattingsvirksomhet,Reiseliv ellers,311090,2.0,1.6,1,1
2017,Akershus,Ås,Østlandet (Uten Oslo),Overnattingsvirksomhet,Reiseliv ellers,292527,2.0,1.4,1,1
2018,Akershus,Ås,Østlandet (Uten Oslo),Overnattingsvirksomhet,Reiseliv ellers,439992,2.0,1.3,1,1
2020,Akershus,Ås,Østlandet (Uten Oslo),Overnattingsvirksomhet,Reiseliv ellers,602509,2.0,1.3,1,1
2016,Akershus,Ås,Østlandet (Uten Oslo),Overnattingsvirksomhet,Reiseliv ellers,452640,2.0,1.3,1,1
2022,Akershus,Nittedal,Østlandet (Uten Oslo),Transport,Transport og formidling,76344568,123.0,91.8,2,2
2019,Akershus,Jevnaker,Østlandet (Uten Oslo),Overnattingsvirksomhet,Reiseliv ellers,19145314,74.0,28.9,1,1
2020,Akershus,Jevnaker,Østlandet (Uten Oslo),Overnattingsvirksomhet,Reiseliv ellers,14876992,59.0,25.5,1,1
2015,Akershus,Jevnaker,Østlandet (Uten Oslo),Overnattingsvirksomhet,Reiseliv ellers,13290528,54.0,25.8,1,1
2016,Akershus,Jevnaker,Østlandet (Uten Oslo),Overnattingsvirksomhet,Reiseliv ellers,16284757,49.0,26.6,1,1
2017,Akershus,Jevnaker,Østlandet (Uten Oslo),Overnattingsvirksomhet,Reiseliv ellers,20132444,49.0,32.1,1,1
2018,Akershus,Jevnaker,Østlandet (Uten Oslo),Overnattingsvirksomhet,Reiseliv ellers,18252915,53.0,30.8,1,1
2017,Akershus,Rælingen,Østlandet (Uten Oslo),Kultur og underholdning,Reiseliv ellers,0,0.0,0.0,1,1
2018,Akershus,Rælingen,Østlandet (Uten Oslo),Kultur og underholdning,Reiseliv ellers,30811,0.0,0.0,1,1
2019,Akershus,Rælingen,Østlandet (Uten Oslo),Kultur og underholdning,Reiseliv ellers,0,0.0,0.0,1,1
2021,Akershus,Lunner,Østlandet (Uten Oslo),Transport,Transport og formidling,3456799,9.0,3.6,1,1
2019,Akershus,Jevnaker,Østlandet (Uten Oslo),Formidling,Transport og formidling,226685,0.0,0.0,1,1
2020,Akershus,Jevnaker,Østlandet (Uten Oslo),Formidling,Transport og formidling,0,,0.0,1,1
2022,Akershus,Lunner,Østlandet (Uten Oslo),Transport,Transport og formidling,4582436,12.0,4.6,1,1
2022,Akershus,Enebakk,Østlandet (Uten Oslo),Overnattingsvirksomhet,Reiseliv ellers,0,1.0,0.1,1,1
2024,Akershus,Lunner,Østlandet (Uten Oslo),Transport,Transport og formidling,6850000,13.0,6.5,1,1
2023,Akershus,Lunner,Østlandet (Uten Oslo),Transport,Transport og formidling,6499598,13.0,5.8,1,1
2022,Akershus,Nes,Østlandet (Uten Oslo),Overnattingsvirksomhet,Reiseliv ellers,1621039,8.0,2.0,2,2
2015,Akershus,Nes,Østlandet (Uten Oslo),Overnattingsvirksomhet,Reiseliv ellers,565128,5.0,0.7,1,1
2019,Akershus,Nes,Østlandet (Uten Oslo),Overnattingsvirksomhet,Reiseliv ellers,810280,2.0,0.8,1,1
2016,Akershus,Nes,Østlandet (Uten Oslo),Overnattingsvirksomhet,Reiseliv ellers,422981,5.0,0.9,1,1
2017,Akershus,Nes,Østlandet (Uten Oslo),Overnattingsvirksomhet,Reiseliv ellers,749679,2.0,0.9,1,1
2023,Akershus,Nes,Østlandet (Uten Oslo),Overnattingsvirksomhet,Reiseliv ellers,1611238,5.0,1.9,2,2
2021,Akershus,Nes,Østlandet (Uten Oslo),Overnattingsvirksomhet,Reiseliv ellers,712302,4.0,0.9,1,1
2020,Akershus,Nes,Østlandet (Uten Oslo),Overnattingsvirksomhet,Reiseliv ellers,1000213,2.0,0.9,1,1
2018,Akershus,Nes,Østlandet (Uten Oslo),Overnattingsvirksomhet,Reiseliv ellers,225542,2.0,0.8,1,1
2024,Akershus,Nes,Østlandet (Uten Oslo),Overnattingsvirksomhet,Reiseliv ellers,1605000,7.0,1.3,2,2
2022,Akershus,Bærum,Østlandet (Uten Oslo),Overnattingsvirksomhet,Reiseliv ellers,0,0.0,0.0,1,0
2022,Akershus,Aurskog-Høland,Østlandet (Uten Oslo),Overnattingsvirksomhet,Reiseliv ellers,690845,1.0,0.9,1,1
2019,Akershus,Bærum,Østlandet (Uten Oslo),Overnattingsvirksomhet,Reiseliv ellers,0,0.0,0.0,1,0
2015,Akershus,Bærum,Østlandet (Uten Oslo),Overnattingsvirksomhet,Reiseliv ellers,0,2.0,0.0,1,0
2015,Akershus,Aurskog-Høland,Østlandet (Uten Oslo),Overnattingsvirksomhet,Reiseliv ellers,570472,3.0,0.9,1,1
2019,Akershus,Aurskog-Høland,Østlandet (Uten Oslo),Overnattingsvirksomhet,Reiseliv ellers,506424,1.0,0.6,1,1
2017,Akershus,Bærum,Østlandet (Uten Oslo),Overnattingsvirksomhet,Reiseliv ellers,0,0.0,0.0,1,0
2016,Akershus,Bærum,Østlandet (Uten Oslo),Overnattingsvirksomhet,Reiseliv ellers,0,0.0,0.0,1,0
2016,Akershus,Aurskog-Høland,Østlandet (Uten Oslo),Overnattingsvirksomhet,Reiseliv ellers,661551,3.0,1.2,1,1
2017,Akershus,Aurskog-Høland,Østlandet (Uten Oslo),Overnattingsvirksomhet,Reiseliv ellers,600249,3.0,1.1,1,1
2023,Akershus,Bærum,Østlandet (Uten Oslo),Overnattingsvirksomhet,Reiseliv ellers,0,0.0,0.0,1,0
2021,Akershus,Bærum,Østlandet (Uten Oslo),Overnattingsvirksomhet,Reiseliv ellers,0,0.0,0.0,1,0
2021,Akershus,Aurskog-Høland,Østlandet (Uten Oslo),Overnattingsvirksomhet,Reiseliv ellers,461442,1.0,0.9,1,1
2020,Akershus,Bærum,Østlandet (Uten Oslo),Overnattingsvirksomhet,Reiseliv ellers,0,0.0,0.0,1,0
2020,Akershus,Aurskog-Høland,Østlandet (Uten Oslo),Overnattingsvirksomhet,Reiseliv ellers,426280,1.0,0.6,1,1
2018,Akershus,Bærum,Østlandet (Uten Oslo),Overnattingsvirksomhet,Reiseliv ellers,0,0.0,0.0,1,0
2018,Akershus,Aurskog-Høland,Østlandet (Uten Oslo),Overnattingsvirksomhet,Reiseliv ellers,538589,2.0,0.6,1,1
2022,Akershus,Asker,Østlandet (Uten Oslo),Overnattingsvirksomhet,Reiseliv ellers,10525894,25.0,9.1,2,2
2019,Akershus,Asker,Østlandet (Uten Oslo),Overnattingsvirksomhet,Reiseliv ellers,1132223,4.0,1.5,1,1
2023,Akershus,Asker,Østlandet (Uten Oslo),Overnattingsvirksomhet,Reiseliv ellers,12009565,28.0,8.3,2,2
2021,Akershus,Asker,Østlandet (Uten Oslo),Overnattingsvirksomhet,Reiseliv ellers,712302,2.0,1.1,1,1
2020,Akershus,Asker,Østlandet (Uten Oslo),Overnattingsvirksomhet,Reiseliv ellers,1508655,4.0,2.3,1,1
2024,Akershus,Asker,Østlandet (Uten Oslo),Overnattingsvirksomhet,Reiseliv ellers,11301000,15.0,8.0,2,2
2018,Akershus,Asker,Østlandet (Uten Oslo),Overnattingsvirksomhet,Reiseliv ellers,883681,5.0,1.2,1,1
2022,Akershus,Ås,Østlandet (Uten Oslo),Overnattingsvirksomhet,Reiseliv ellers,0,0.0,0.0,1,0
2019,Akershus,Eidsvoll,Østlandet (Uten Oslo),Overnattingsvirksomhet,Reiseliv ellers,151927,1.0,0.1,2,1
2015,Akershus,Ås,Østlandet (Uten Oslo),Overnattingsvirksomhet,Reiseliv ellers,0,1.0,0.0,1,0
2019,Akershus,Ås,Østlandet (Uten Oslo),Overnattingsvirksomhet,Reiseliv ellers,0,0.0,0.0,1,0
2017,Akershus,Eidsvoll,Østlandet (Uten Oslo),Overnattingsvirksomhet,Reiseliv ellers,277330,0.0,0.0,2,1
2017,Akershus,Ås,Østlandet (Uten Oslo),Overnattingsvirksomhet,Reiseliv ellers,0,0.0,0.0,1,0
2016,Akershus,Ås,Østlandet (Uten Oslo),Overnattingsvirksomhet,Reiseliv ellers,0,0.0,0.0,1,0
2023,Akershus,Ås,Østlandet (Uten Oslo),Overnattingsvirksomhet,Reiseliv ellers,0,0.0,0.0,1,0
2021,Akershus,Ås,Østlandet (Uten Oslo),Overnattingsvirksomhet,Reiseliv ellers,0,0.0,0.0,1,0
2020,Akershus,Eidsvoll,Østlandet (Uten Oslo),Overnattingsvirksomhet,Reiseliv ellers,0,0.0,0.2,2,1
2020,Akershus,Ås,Østlandet (Uten Oslo),Overnattingsvirksomhet,Reiseliv ellers,0,0.0,0.0,1,0
2018,Akershus,Eidsvoll,Østlandet (Uten Oslo),Overnattingsvirksomhet,Reiseliv ellers,73947,1.0,0.0,2,1
2024,Akershus,Ås,Østlandet (Uten Oslo),Overnattingsvirksomhet,Reiseliv ellers,0,0.0,0.0,1,0
2018,Akershus,Ås,Østlandet (Uten Oslo),Overnattingsvirksomhet,Reiseliv ellers,0,0.0,0.0,1,0
2015,Akershus,Asker,Østlandet (Uten Oslo),Overnattingsvirksomhet,Reiseliv ellers,0,0.0,0.0,1,0
2023,Akershus,Aurskog-Høland,Østlandet (Uten Oslo),Overnattingsvirksomhet,Reiseliv ellers,655628,1.0,0.9,1,1
2024,Akershus,Aurskog-Høland,Østlandet (Uten Oslo),Overnattingsvirksomhet,Reiseliv ellers,736000,1.0,1.2,1,1
2019,Akershus,Ullensaker,Østlandet (Uten Oslo),Overnattingsvirksomhet,Reiseliv ellers,28939,0.0,0.0,1,1
2015,Akershus,Ullensaker,Østlandet (Uten Oslo),Overnattingsvirksomhet,Reiseliv ellers,69472,0.0,0.0,1,1
2016,Akershus,Ullensaker,Østlandet (Uten Oslo),Overnattingsvirksomhet,Reiseliv ellers,29660,0.0,0.0,1,1
2017,Akershus,Ullensaker,Østlandet (Uten Oslo),Overnattingsvirksomhet,Reiseliv ellers,215279,0.0,0.0,1,1
2021,Akershus,Ullensaker,Østlandet (Uten Oslo),Overnattingsvirksomhet,Reiseliv ellers,71346,,0.0,1,1
2020,Akershus,Ullensaker,Østlandet (Uten Oslo),Overnattingsvirksomhet,Reiseliv ellers,63109,,0.0,1,1
2018,Akershus,Ullensaker,Østlandet (Uten Oslo),Overnattingsvirksomhet,Reiseliv ellers,4930,0.0,0.0,1,1
2022,Akershus,Enebakk,Østlandet (Uten Oslo),Overnattingsvirksomhet,Reiseliv ellers,813783,3.0,0.7,1,1
2019,Akershus,Enebakk,Østlandet (Uten Oslo),Overnattingsvirksomhet,Reiseliv ellers,710201,2.0,0.6,1,1
2015,Akershus,Enebakk,Østlandet (Uten Oslo),Overnattingsvirksomhet,Reiseliv ellers,662656,2.0,0.5,1,1
2016,Akershus,Enebakk,Østlandet (Uten Oslo),Overnattingsvirksomhet,Reiseliv ellers,758269,2.0,0.6,1,1
2017,Akershus,Enebakk,Østlandet (Uten Oslo),Overnattingsvirksomhet,Reiseliv ellers,652168,2.0,0.3,1,1
2023,Akershus,Enebakk,Østlandet (Uten Oslo),Overnattingsvirksomhet,Reiseliv ellers,669030,4.0,0.8,3,1
2021,Akershus,Enebakk,Østlandet (Uten Oslo),Overnattingsvirksomhet,Reiseliv ellers,489061,3.0,0.7,1,1
2020,Akershus,Enebakk,Østlandet (Uten Oslo),Overnattingsvirksomhet,Reiseliv ellers,1041888,2.0,0.7,1,1
2024,Akershus,Enebakk,Østlandet (Uten Oslo),Overnattingsvirksomhet,Reiseliv ellers,1097000,1.0,0.7,2,1
2018,Akershus,Enebakk,Østlandet (Uten Oslo),Overnattingsvirksomhet,Reiseliv ellers,762899,2.0,0.5,1,1
2022,Akershus,Eidsvoll,Østlandet (Uten Oslo),Overnattingsvirksomhet,Reiseliv ellers,339438,1.0,0.0,1,1
2022,Akershus,Jevnaker,Østlandet (Uten Oslo),Overnattingsvirksomhet,Reiseliv ellers,2974448,9.0,2.5,1,1
2015,Akershus,Eidsvoll,Østlandet (Uten Oslo),Overnattingsvirksomhet,Reiseliv ellers,187040,0.0,0.0,1,1
2019,Akershus,Jevnaker,Østlandet (Uten Oslo),Overnattingsvirksomhet,Reiseliv ellers,3349644,7.0,1.8,1,1
2015,Akershus,Jevnaker,Østlandet (Uten Oslo),Overnattingsvirksomhet,Reiseliv ellers,1853032,11.0,2.1,1,1
2016,Akershus,Eidsvoll,Østlandet (Uten Oslo),Overnattingsvirksomhet,Reiseliv ellers,72215,0.0,0.0,1,1
2017,Akershus,Jevnaker,Østlandet (Uten Oslo),Overnattingsvirksomhet,Reiseliv ellers,2249037,11.0,2.5,1,1
2016,Akershus,Jevnaker,Østlandet (Uten Oslo),Overnattingsvirksomhet,Reiseliv ellers,2361212,13.0,3.3,1,1
2023,Akershus,Eidsvoll,Østlandet (Uten Oslo),Overnattingsvirksomhet,Reiseliv ellers,379357,1.0,0.0,1,1
2023,Akershus,Jevnaker,Østlandet (Uten Oslo),Overnattingsvirksomhet,Reiseliv ellers,2499844,5.0,2.3,1,1
2021,Akershus,Eidsvoll,Østlandet (Uten Oslo),Overnattingsvirksomhet,Reiseliv ellers,204830,0.0,0.0,1,1
2021,Akershus,Jevnaker,Østlandet (Uten Oslo),Overnattingsvirksomhet,Reiseliv ellers,3368191,10.0,2.7,1,1
2020,Akershus,Jevnaker,Østlandet (Uten Oslo),Overnattingsvirksomhet,Reiseliv ellers,3929411,6.0,2.6,1,1
2024,Akershus,Eidsvoll,Østlandet (Uten Oslo),Overnattingsvirksomhet,Reiseliv ellers,121000,1.0,0.0,1,1
2018,Akershus,Jevnaker,Østlandet (Uten Oslo),Overnattingsvirksomhet,Reiseliv ellers,2635024,8.0,1.9,1,1
2024,Akershus,Jevnaker,Østlandet (Uten Oslo),Overnattingsvirksomhet,Reiseliv ellers,2516000,5.0,2.2,1,1
